اسم الجهة الحكومية,نوع الفعالية,عنوان الفعالية,تاريخ بداية الفعالية,تاريخ نهاية الفعالية,نوع الموقع,موقع الفعالية,المدينة,رقم الطلب
المركز الوطني لتنمية القطاع غير الربحي,ورشة عمل,تأهيل القيادات في العمل التطوعي,1/4/2026,1/4/2026,فنادق,فندق حياة الرجنسي,الرياض,GOV-2025-2193
معهد الادارة العامة,ورشة عمل,كتابة الكراسات الحكومية,1/4/2026,1/5/2026,فنادق,فندق هيلتون جارد ان المركز المالي,الرياض,GOV-2025-2194
معهد الادارة العامة,دورة تدريبية,ادارة السلامة المهنية,1/1/2026,1/1/2026,فنادق,فندق فوكو,الخبر,GOV-2025-2195
مكتب شؤون المهمات والمبادرات,ورشة عمل,ورشة عمل مكتب العلاقات الدولية                                                                               ورشة عمل,1/7/2026,1/7/2026,فنادق,فندق موفنبيك,الرياض,GOV-2026-0003
المركز الوطني لتنمية القطاع غير الربحي,ورشة عمل,المنصة الوطنية للعمل التطوعي,1/5/2026,1/5/2026,فنادق,حياة الرجنسي,الرياض,GOV-2026-0005
المركز الوطني لتنمية القطاع غير الربحي,ورشة عمل,بناء المبادرات والفرص التطوعية,1/6/2026,1/6/2026,فنادق,حياة الرجنسي,الرياض,GOV-2026-0006
المركز الوطني لتنمية القطاع غير الربحي,ورشة عمل,التأهيل الشامل المتطوعين في القطاع غير الربحي,1/5/2026,1/5/2026,فنادق,سوفتيل الكورنيش,الخبر,GOV-2026-0008
المركز الوطني لتنمية القطاع غير الربحي,ورشة عمل,تصميم الفرص التطوعية الثقافية في خدمة ضيوف الرحمن,1/6/2026,1/6/2026,فنادق,فور بوينتس,مكة المكرمة,GOV-2026-0009
المركز الوطني لتنمية القطاع غير الربحي,ورشة عمل,تفعيل وإدارة الفرص التطوعية,1/8/2026,1/8/2026,فنادق,روزوود,جدة,GOV-2026-0011
المركز الوطني لتنمية القطاع غير الربحي,ورشة عمل,ورشة تعريفية لمنصة التطوع القطاع الخاص,1/8/2026,1/8/2026,فنادق,حياة الرجنسي,الرياض,GOV-2026-0012
المركز الوطني لتنمية القطاع غير الربحي,ورشة عمل,السياسات المثلى للجهات الأشرافية,1/7/2026,1/7/2026,فنادق,حياة الرجنسي,الرياض,GOV-2026-0015
المركز الوطني لتنمية القطاع غير الربحي,ورشة عمل,التفعيل الذاتي للجهات الإشرافية,1/7/2026,1/7/2026,فنادق,روزوود,جدة,GOV-2026-0016
مركز مشاريع البنية التحتية بمنطقة الرياض,ورشة عمل,فريق العمل المشترك,1/11/2026,1/11/2026,فنادق,فندق الفيرمونت,الرياض,GOV-2026-0018
هيئة الزكاة والضريبة والجمارك,دورة تدريبية,اعتماد المدرب,1/11/2026,1/14/2026,فنادق,فوكو,الخبر,GOV-2026-0020
هيئة الحكومة الرقمية,ورشة عمل,الدروس المستفادة من مؤشر الامم المتحدة لتطوير الحكومة الالكترونية,1/6/2026,1/6/2026,فنادق,موفنبيك الرياض,الرياض,GOV-2026-0023
مكتب شؤون المهمات والمبادرات,ورشة عمل,عرض إنجازات قطاع التقنية وإستراتيجية القطاع,1/8/2026,1/8/2026,فنادق,فندق بوتيك المشرق,الرياض,GOV-2026-0026
برنامج تطوير الصناعة الوطنية والخدمات اللوجستية,دورة تدريبية,االمعسكر التدريبي لبرنامج ألف ميل بنسخته الرابعة,1/29/2026,1/31/2026,مراكز معارض و مؤتمرات,جامعة اليمامة,الرياض,GOV-2026-0027
الهيئة السعوديه لتنظيم الكهرباء,اجتماع,لقاء المحافظ مع منسوبي الهيئة,1/29/2026,1/29/2026,فنادق,فندق الفيرمونت,الرياض,GOV-2026-0033
هيئة الحكومة الرقمية,دورة تدريبية,برمجيات مفتوحة المصدر للمحترفين,1/12/2026,1/15/2026,فنادق,كراون بلازا - المدينة الرقمية,الرياض,GOV-2026-0040
وزارة الصحة,ورشة عمل,القيادة والإبداع والقيمة,2/2/2026,2/5/2026,فنادق,فندق جراند حياة,الخبر,GOV-2026-0046
مركز وقاء,دورة تدريبية,إدارة المشاريع,1/11/2026,1/15/2026,فنادق,فندق مداريم كراون,الرياض,GOV-2026-0053
المركز الوطني لسلامة النقل,ورشة عمل,ورشة عمل الاستراتيجية الخاصة لقطاع تحقيقات السلامة والابحاث,1/12/2026,1/12/2026,فنادق,فندق موفنبيك,الرياض,GOV-2026-0058
جامعة نايف العربية للعلوم الامنية,دورة تدريبية,تأمين الفعاليات الترفيهية,1/8/2026,1/15/2026,فنادق,سن ست جدة,جدة,GOV-2026-0059
وزارة الصناعة والثروة المعدنية,اجتماع,الاجتماع الوزاري المصاحب لمؤتمر التعدين الدولي,1/13/2026,1/13/2026,فنادق,فندق الريتزكارلتون الرياض,الرياض,GOV-2026-0070
هيئة الزكاة والضريبة والجمارك,دورة تدريبية,تحليل البيانات باستخدام اكسل,1/11/2026,1/15/2026,فنادق,فيتوري بالاس,الرياض,GOV-2026-0071
هيئة الزكاة والضريبة والجمارك,دورة تدريبية,قيادة تجربة المكلفين من التواصل الأول إلى الولاء المستدام,1/11/2026,1/13/2026,فنادق,فتوري بالاس,الرياض,GOV-2026-0072
الهيئة السعودية للبيانات والذكاء الاصطناعي,دورة تدريبية,CDMP,1/11/2026,1/15/2026,فنادق,فندق نارسيس رويال,مكة المكرمة,GOV-2026-0074
الاتحاد السعودي لكرة القدم,دورة تدريبية,الاتحاد السعودي لكرة القدم,1/11/2026,1/11/2026,فنادق,هوليداي ان كورنيش جدة,جدة,GOV-2026-0075
الهيئة العامة للعقار,ورشة عمل,ورش عمل الاحاطة بنظام تملك غير السعوديين للعقار,1/14/2026,1/15/2026,فنادق,فندق رايدسون بلو العليا,الرياض,GOV-2026-0078
وزارة الصناعة والثروة المعدنية,اجتماع,اجتماع بشأن مؤتمر التعدين الدولي,1/14/2026,1/14/2026,مراكز معارض و مؤتمرات,قاعة الملفى,الرياض,GOV-2026-0082
الهيئة السعوديه لتنظيم الكهرباء,ورشة عمل,ورشة عمل لقاء المستهلكين,1/14/2026,1/14/2026,فنادق,فندق هيلتون دبل تري - المركز المالي,الرياض,GOV-2026-0083
الهيئة السعوديه لتنظيم الكهرباء,ورشة عمل,ورشة عمل لقاء المستهلكين,1/21/2026,1/21/2026,فنادق,فندق بريرا,الرس,GOV-2026-0084
الهيئة السعوديه لتنظيم الكهرباء,اجتماع,اجتماع قيادات قطاع المستهلكين بالهيئة السعودية لتنظيم الكهرباء,1/21/2026,1/21/2026,فنادق,فندق فوكو,الرياض,GOV-2026-0085
الهيئة الملكية لمدينة مكة المكرمة والمشاعر المقدسة,ورشة عمل,ورشة عمل المخطط الشامل,1/13/2026,1/13/2026,فنادق,اصيلة التحلية جدة,جدة,GOV-2026-0102
هيئة الاتصالات والفضاء والتقنية,اجتماع,لقاء الادارة السنوي,1/13/2026,1/13/2026,فنادق,فندق بوتيك المشرق,الرياض,GOV-2026-0103
وزارة الحج والعمرة,ورشة عمل,ورشة دراسة تنظيم عمرة الداخل,1/13/2026,1/13/2026,فنادق,جدة - الاندلس,جدة,GOV-2026-0104
هيئة الحكومة الرقمية,دورة تدريبية,تحسين محركات البحث,1/19/2026,1/21/2026,فنادق,راديسون بلو - المعارض والمؤتمرات,الرياض,GOV-2026-0111
برنامج تطوير وزارة الداخلية,دورة تدريبية,دورة مقيميي الابتكار,2/1/2026,2/3/2026,فنادق,فندق راديسون وريزيدنس الرياض العليا,الرياض,GOV-2026-0118
برنامج تطوير وزارة الداخلية,دورة تدريبية,دورة تدريب المدربين الابتكار,2/8/2026,2/10/2026,فنادق,فندق راديسون وريزيدنس الرياض العليا,الرياض,GOV-2026-0119
جامعة القصيم,دورة تدريبية,Waste Heat Recovery and Energy Efficiency,1/18/2026,1/22/2026,فنادق,فندق روش ريحان من روتانا,الرياض,GOV-2026-0126
المركز السعودي للتحكيم التجاري,اجتماع,اجتماع الجمعية العامة لمحكمة الاستثمار العربية الأول,2/2/2026,2/2/2026,فنادق,فندق سوفتيل الرياض,الرياض,GOV-2026-0127
المركز الوطني لتنمية الغطاء النباتي ومكافحة التصحر,ورشة عمل,ورشه عمل حمايه وتنمية نباتات العرعر,1/21/2026,1/21/2026,فنادق,فندق إنتركونتيننتال,الطائف,GOV-2026-0128
الهيئة العامة للتجارة الخارجية,اجتماع,مجلس التجارة والاستثمار السعودي الأمريكي,1/20/2026,1/21/2026,فنادق,فندق ماريوت حي السفارات,الرياض,GOV-2026-0129
المركز السعودي للتحكيم التجاري,اجتماع,اجتماع الجمعية العامة لمحكمة الاستثمار العربية الثاني,2/3/2026,2/3/2026,فنادق,فندق سوفتيل الرياض,الرياض,GOV-2026-0130
مدينة الملك سعود الطيبة,اجتماع,إجتماع اللقاء السنوي,2/7/2026,2/7/2026,مرافق عامة,منتجع ماربيلا,الرياض,GOV-2026-0131
المركز الوطني لتنمية الغطاء النباتي ومكافحة التصحر,ورشة عمل,اعتمادات الكربون للحلول القائمة على الطبيعة,1/25/2026,1/27/2026,فنادق,النوفوتيل الصحافة,الرياض,GOV-2026-0132
المركز السعودي للتحكيم التجاري,ورشة عمل,برنامج الحوار القضائي الإقليمي لقضاة الدول العربية بشأن اتفاقية نيويورك للاعتراف بأحكام التحكيم الأجنبية وتنفيذها,2/5/2026,2/5/2026,فنادق,فندق سوفيتيل الرياض,الرياض,GOV-2026-0133
مركز الإسناد والتصفية إنفاذ,ورشة عمل,ورشة عمل مع مزودي الخدمات,1/20/2026,1/20/2026,فنادق,"فندق راديسون وريزيدنس الرياض العليا،",الرياض,GOV-2026-0135
جامعة القصيم,دورة تدريبية,كفاءة الطاقة واستعادة الحرارة المهدرة,1/18/2026,1/22/2026,فنادق,فندق روش ريحان من روتانا,الرياض,GOV-2026-0136
الهيئة العامة للإحصاء,دورة تدريبية,دورة القيادة الاحصائية,1/18/2026,1/22/2026,فنادق,فندق فيرمونت,الرياض,GOV-2026-0137
مركز الإسناد والتصفية إنفاذ,ورشة عمل,ورش عمل مع مزودي الخدمات,2/3/2026,2/3/2026,فنادق,"فندق راديسون وريزيدنس الرياض العليا، ",الرياض,GOV-2026-0138
المركز الوطني للوقاية من الآفات النباتية والأمراض الحيوانية ومكافحتها مركز وقاء,اجتماع,اجتماع تبادل الخبرات والمعارف التطبيقية وفق منهجية الإدارة المتكاملة لآفات الخضار داخل البيوت المحمية بين مزارعي ومختصي دول إقليم الشرق الأدنى وشمال أفريقيا,1/18/2026,1/20/2026,فنادق,فندق دبل تري الرياض,الرياض,GOV-2026-0139
مركز الإسناد والتصفية إنفاذ,ورشة عمل,ورش العمل مع مزودي الخدمات,1/27/2026,1/27/2026,فنادق,فندق راديسون وريزيدنس الرياض العليا,الرياض,GOV-2026-0140
مركز الإسناد والتصفية إنفاذ,ورشة عمل,ورش عمل مزودي الخدمات,2/10/2026,2/10/2026,فنادق,"فندق راديسون وريزيدنس الرياض العليا، ",الرياض,GOV-2026-0141
معهد الدراسات والخدمات الاستشارية بجامعة المجمعة,ورشة عمل,برنامج تمكين الكفاءات,1/18/2026,1/26/2026,فنادق,فندق موفنبيك,الرياض,GOV-2026-0142
المركز السعودي للتحكيم التجاري,اجتماع,اللقاء السنوي لعمداء كليات الحقوق,2/1/2026,2/1/2026,فنادق,فندق سوفتيل الرياض,الرياض,GOV-2026-0151
المؤسسة العامة للتأمينات الاجتماعية,اجتماع,مناقشة الأداء المؤسسي للعام الماضي,1/15/2026,1/15/2026,فنادق,هيلتون الرياض,الرياض,GOV-2026-0157
المركز الوطني للوقاية من الآفات النباتية والأمراض الحيوانية ومكافحتها مركز وقاء,اجتماع,اجتماع التكيف مع التغيير وقيادة الابتكار,1/18/2026,1/19/2026,فنادق,فندق نارسيس ذا رويال,الرياض,GOV-2026-0158
المركز الوطني للوقاية من الآفات النباتية والأمراض الحيوانية ومكافحتها مركز وقاء,اجتماع,اجتماع تمكين الفرق وبناء التفاعل الجماعي,1/20/2026,1/21/2026,فنادق,فندق نارسيس ذا روبال,الرياض,GOV-2026-0159
الجامعة السعودية الالكترونية,دورة تدريبية,دورة نظام المنافسات والمشتريات الحكومية,1/18/2026,1/22/2026,فنادق,فندق ميرتل الصحافة,الرياض,GOV-2026-0161
هيئة الحكومة الرقمية,ورشة عمل,تحول الإجراءات الحكومية,1/21/2026,1/21/2026,فنادق,كراون بلازا - الرياض,الرياض,GOV-2026-0165
الهيئة الملكية للجبيل وينبع,ورشة عمل,خيارات التمويل البديلة للمنشآت المتوسطة والصغيرة بشراكة مع الهيئة العامة للمنشآت الصغيرة و المتوسطة,2/4/2026,2/4/2026,مراكز معارض و مؤتمرات,الهيئة الملكية بينبع,ينبع الصناعية,GOV-2026-0171
المركز السعودي للتحكيم التجاري,اجتماع,الافتتاح الرسمي لإسبوع الرياض الدولي لتسوية المنازعات,2/1/2026,2/1/2026,فنادق,فندق السوفتيل,الرياض,GOV-2026-0174
مجلس الضمان الصحي,ورشة عمل,ورشة عمل الإستراتيجية خارطة طريق,1/28/2026,1/29/2026,فنادق,فندق جراند حياة,الخبر,GOV-2026-0182
مركز الإسناد والتصفية إنفاذ,ورشة عمل,ورشة التسويق الاحترافي للمزادات العقارية,1/26/2026,1/27/2026,فنادق,فندق ريديسون بلو – قرطبة,الرياض,GOV-2026-0183
مدينة الامير سلطان الطبية العسكرية,اجتماع,اجتماع المتقاعدين,1/19/2026,1/19/2026,فنادق,فندق ماريوت الرياض,الرياض,GOV-2026-0186
الهيئة الملكية لمدينة مكة المكرمة والمشاعر المقدسة,ورشة عمل,مناقشة اداء الربع الرابع,1/20/2026,1/22/2026,فنادق,فندق مادن,المدينة المنورة,GOV-2026-0188
وزارة النقل والخدمات اللوجستية,دورة تدريبية,العادات السبع للأشخاص ذو فعالية العالية,1/21/2026,1/22/2026,فنادق,فندق راديسون بلو قرطبة,الرياض,GOV-2026-0190
وزارة الإعلام,ورشة عمل,المؤسسات الصحفية,1/21/2026,1/21/2026,فنادق,فندق باب سمحان,الرياض,GOV-2026-0192
وزارة النقل والخدمات اللوجستية,دورة تدريبية,العادات السبع للأشخاص ذوي الفعالية العالية,1/21/2026,1/22/2026,فنادق,فندق راديسون بلو قرطبة,الرياض,GOV-2026-0193
مؤسسة كأس العالم للرياضات الالكترونية,ورشة عمل,المسار الترويجي لكأس العالم للرياضات الالكترونية,1/20/2026,1/20/2026,فنادق,فندق هيلتون غرناطة,الرياض,GOV-2026-0200
الهيئة العامة للتجارة الخارجية,دورة تدريبية,دورة النمذجة والاقتصاد القياسي,1/20/2026,1/22/2026,فنادق,فندق دبل تري هيلتون,الرياض,GOV-2026-0203
الهيئة العامة للتجارة الخارجية,دورة تدريبية,برنامج حماية الصناعة المحلية,2/1/2026,2/5/2026,فنادق,فندق دبل تري هيلتون,الرياض,GOV-2026-0204
وزارة المالية,ورشة عمل,كشف التواطؤ للمنافسات الحكومية,1/20/2026,1/20/2026,فنادق,فندق مداريم,الرياض,GOV-2026-0205
وزارة المالية,ورشة عمل,كشف التواطؤ للمنافسات الحكومية,1/25/2026,1/27/2026,فنادق,فندق مداريم,الرياض,GOV-2026-0206
الهيئة السعودية للبيانات والذكاء الاصطناعي,دورة تدريبية,CIPT,1/19/2026,1/22/2026,فنادق,فندق فوكو,الرياض,GOV-2026-0208
وزارة المالية,دورة تدريبية,اساسيات الميزانية,1/20/2026,1/22/2026,فنادق,فندق نارسس,الرياض,GOV-2026-0209
مجمع الملك فهد الطبي بالظهران,اجتماع,الارتقاء بالمعايير,2/13/2026,2/13/2026,فنادق,فندق فوكو,الخبر,GOV-2026-0211
هيئة الحكومة الرقمية,دورة تدريبية,ادارة التغيير,1/25/2026,1/28/2026,فنادق,هوليدي ان الخبر,الخبر,GOV-2026-0212
الهيئة السعودية للبيانات والذكاء الاصطناعي,دورة تدريبية,CIPT,1/18/2026,1/22/2026,فنادق,نارسيس رويال,الرياض,GOV-2026-0213
جامعة القصيم,دورة تدريبية,كفاءة الطاقة واستعادة الحرارة المهدرة,1/25/2026,1/29/2026,فنادق,فندق شيراتون جدة,جدة,GOV-2026-0215
هيئة الحكومة الرقمية,دورة تدريبية,برمجيات مفتوحة المصدر للقيادات,1/26/2026,1/28/2026,فنادق,كراون بلازا  - المدينة الرقمية,الرياض,GOV-2026-0216
هيئة تطوير محمية الملك عبدالعزيز الملكية,ورشة عمل,الامن السيبراني,1/21/2026,1/21/2026,فنادق,روش ريحان روتانا,الرياض,GOV-2026-0218
المركز الوطني للوقاية من الآفات النباتية والأمراض الحيوانية ومكافحتها وقاء,اجتماع,اجتماع بالمنطقة الشرقية,1/21/2026,1/21/2026,فنادق,فندق بريرا الدمام,الدمام,GOV-2026-0219
تجمع جدة الصحي الأول,اجتماع,الاجتماع السنوي للإدارة التنفيذية للتمريض,1/21/2026,1/21/2026,فنادق,فندق فوكو - حي الفيحاء,جدة,GOV-2026-0220
الهيئة السعودية للبيانات والذكاء الاصطناعي,دورة تدريبية,برنامج تصنيف البيانات,1/21/2026,1/22/2026,فنادق,فندق فوكو,الرياض,GOV-2026-0221
وزارة المالية,دورة تدريبية,برنامج اساسيات الميزانية,1/25/2026,1/29/2026,فنادق,فندق نارسس,الرياض,GOV-2026-0222
الهيئة السعودية للمياه,ورشة عمل,بناء القدرات والتواصل,1/22/2026,1/22/2026,فنادق,الرياض - فوكو,الرياض,GOV-2026-0230
هيئة المسرح والفنون الادائية,دورة تدريبية,دورة حاضنة المسرح,1/21/2026,2/17/2026,فنادق,فندق كورت يارد,الرياض,GOV-2026-0231
الهيئة السعودية للمياه,اجتماع,اللقاء السنوي للهيئة السعودية للمياه,1/28/2026,1/28/2026,صالات المناسبات,منتجع الفروسية العالمي,الرياض,GOV-2026-0232
أكاديمية مهد الرياضية,ورشة عمل,ورشة عمل مناقشة استراتيجية أكاديمية مهد,1/25/2026,1/29/2026,فنادق,انتركونتينيتال الرياض العليا,الرياض,GOV-2026-0238
المركز السعودي للتحكيم التجاري,اجتماع,التواصل من الشرق الأوسط للعالم,2/3/2026,2/3/2026,فنادق,فندق السوفتيل,الرياض,GOV-2026-0240
المركز السعودي للتحكيم التجاري,اجتماع,الاجتماع التركي السعودي نظرة عامة علي الاستثمار بين الدولتين,2/2/2026,2/2/2026,فنادق,فندق السوفتيل الرياض,الرياض,GOV-2026-0242
المركز السعودي للتحكيم التجاري,اجتماع,اجتماع حملة وزارة العدل البريطانية في الرياض,2/2/2026,2/2/2026,فنادق,فندق السوفتيل,الرياض,GOV-2026-0243
مؤسسة التأمينات الاجتماعية,اجتماع,اجتماع الاستثنائي لقيادات أجهزة التأمينات الاجتماعية لدول مجلس التعاون,2/12/2026,2/12/2026,فنادق,فندق باب سمحان - الدرعية,الرياض,GOV-2026-0246
هيئة الحكومة الرقمية,دورة تدريبية,هندسة تصميم الحلول السحابية,1/25/2026,1/28/2026,فنادق,انتركونتيننتال,الرياض,GOV-2026-0253
الهيئة العامة للموانئ,اجتماع,الاجتماع السنوي  للجنة مذكرة تفاهم الرياض للرقابة والتفتيش على السفن,2/3/2026,2/5/2026,فنادق,فندق دبل تري هيلتون المركز المالي,الرياض,GOV-2026-0256
المركز السعودي للتحكيم التجاري,اجتماع,اجتماع غرفة التجارية الدولية لفئة الشباب,2/2/2026,2/2/2026,غرف اجتماعات مستقله,شركة التميمي للمحاماة برج تداول,الرياض,GOV-2026-0265
المركز الوطني للوقاية من الآفات النباتية والأمراض الحيوانية ومكافحتها وقاء,اجتماع,برنامج التكيّف مع التغيير وقيادة الابتكار,1/25/2026,1/26/2026,فنادق,نارسيس ذا رويال,الرياض,GOV-2026-0268
المركز الوطني للوقاية من الآفات النباتية والأمراض الحيوانية ومكافحتها وقاء,اجتماع,برنامج تمكين الفرق وبناء التفاعل الجماعي,1/27/2026,1/28/2026,فنادق,نارسيس ذا رويال,الرياض,GOV-2026-0269
المركز الوطني للوقاية من الآفات النباتية والأمراض الحيوانية ومكافحتها وقاء,اجتماع,برنامج التكيّف مع التغيير وقيادة الابتكار,2/1/2026,2/2/2026,فنادق,نارسيس ذا رويال,الرياض,GOV-2026-0270
المركز الوطني للوقاية من الآفات النباتية والأمراض الحيوانية ومكافحتها وقاء,اجتماع,برنامج التكيّف مع التغيير وقيادة الابتكار,2/8/2026,2/9/2026,فنادق,نارسيس ذا رويال,الرياض,GOV-2026-0271
المركز الوطني للوقاية من الآفات النباتية والأمراض الحيوانية ومكافحتها وقاء,اجتماع,برنامج تمكين الفرق وبناء التفاعل الجماعي,2/3/2026,2/4/2026,فنادق,نارسيس ذا رويال,الرياض,GOV-2026-0272
المركز الوطني للوقاية من الآفات النباتية والأمراض الحيوانية ومكافحتها وقاء,اجتماع,برنامج تمكين الفرق وبناء التفاعل الجماعي,2/8/2026,2/9/2026,فنادق,نارسيس ذا رويال,الرياض,GOV-2026-0273
المجلس الصحي السعودي,ورشة عمل,الإهمال من منظور الصحة العامة,1/27/2026,1/27/2026,فنادق,فندق نارسس الرياض,الرياض,GOV-2026-0274
الاتحاد السعودي للمنطاد,اجتماع,الاجتماع السنوي للجنة المنطاد الدولية,2/4/2026,2/7/2026,فنادق,فندق كلاود 7 العلا,العلا,GOV-2026-0275
هيئة تطوير محمية الامام عبدالعزيز بن محمد الملكية,دورة تدريبية,اعداد التقارير والعروض المرئية,1/25/2026,1/28/2026,فنادق,فندق هوليداي ان - الازدهار,الرياض,GOV-2026-0276
الأكاديمية المالية,ورشة عمل,ورشة عمل التقرير السنوي,1/26/2026,1/26/2026,فنادق,فندق موفنبيك,الرياض,GOV-2026-0277
مكافحة التهريب الجمركي,دورة تدريبية,مكافحة التهريب الجمركي,2/1/2026,2/2/2026,فنادق,فوكو,الخبر,GOV-2026-0278
المجلس الصحي السعودي,ورشة عمل,الدليل التوعوي للسكري في رمضان والحج والعمرة,1/29/2026,1/29/2026,فنادق,فندق لومريديان الرياض,الرياض,GOV-2026-0280
الهيئة السعودية لتنظيم الكهرباء,ورشة عمل,ورشة عمل لقاء المستهلكين,1/27/2026,1/27/2026,فنادق,فندق الانتركونتينينتال الهفوف,الأحساء,GOV-2026-0283
المركز الوطني للوقاية من الآفات النباتية والأمراض الحيوانية ومكافحتها وقاء,ورشة عمل,برنامج التكيّف مع التغيير وقيادة الابتكار,2/1/2026,2/2/2026,فنادق,نارسس ذا رويال,الرياض,GOV-2026-0285
المركز الوطني للوقاية من الآفات النباتية والأمراض الحيوانية ومكافحتها وقاء,ورشة عمل,برنامج تمكين الفرق وبناء التفاعل الجماعي,1/27/2026,1/28/2026,فنادق,نارسس ذا رويال,الرياض,GOV-2026-0286
هيئة الزكاة والضريبة والجمارك,دورة تدريبية,المراقبة الأمنية إجراءات الأمن والحماية,2/4/2026,2/5/2026,فنادق,فوكو,الخبر,GOV-2026-0287
هيئة الزكاة والضريبة والجمارك,دورة تدريبية,استخدام تقنيات الذكاء الاصطناعي,2/1/2026,2/3/2026,فنادق,فوكو,الخبر,GOV-2026-0288
هيئة الزكاة والضريبة والجمارك,دورة تدريبية,التفتيش الجمركي,2/8/2026,2/10/2026,فنادق,فوكو,الرياض,GOV-2026-0289
هيئة الزكاة والضريبة والجمارك,دورة تدريبية,جلسة تدريبية جامعة ستانفورد,2/2/2026,2/4/2026,فنادق,فاتوري بالاس,الرياض,GOV-2026-0290
هيئة الزكاة والضريبة والجمارك,دورة تدريبية,التفتيش الجمركي اشخاص بضائع وسائل نقل,2/8/2026,2/10/2026,فنادق,فاتوري بالاس,الرياض,GOV-2026-0291
هيئة الزكاة والضريبة والجمارك,دورة تدريبية,تفتيش بضائع الشحن الجوي,2/8/2026,2/9/2026,فنادق,فاتوري بالاس,الرياض,GOV-2026-0292
الهيئة السعودية للمراجعين والمحاسبين,اجتماع,اختبار برنامج المحتوى المحلي,1/28/2026,1/28/2026,فنادق,الخبر فندق فوكو,الخبر,GOV-2026-0295
الهيئة السعودية للمقاولين,دورة تدريبية,دورة ادارة المشاريع الاحترافية PMP,2/8/2026,2/12/2026,غرف اجتماعات مستقله,مقر الهيئة السعودية للمقاولين,الرياض,GOV-2026-0299
هيئة الزكاة والضريبة والجمارك,دورة تدريبية,التفتيش الجمركي,2/8/2026,2/10/2026,فنادق,فوكو,الخبر,GOV-2026-0301
هيئة تطوير محمية الامام عبدالعزيز بن محمد الملكية,دورة تدريبية,حساب المتغيرات البيئية عن طريق الاستشعار,2/8/2026,2/12/2026,فنادق,فندق هوليداي ان - الازدهار,الرياض,GOV-2026-0303
هيئة الزكاة والضريبة والجمارك,دورة تدريبية,تفتيش بضائع الشحن الجوي,2/8/2026,2/9/2026,فنادق,فاتوري بالاس,الرياض,GOV-2026-0304
جامعة القصيم,دورة تدريبية,كفاءة الطاقة واستعادة الحرارة المهدرة,2/1/2026,2/5/2026,فنادق,فندق انتركونتيننتال الخبر,الخبر,GOV-2026-0305
هيئة الزكاة والضريبة والجمارك,اجتماع,اجتماع هيئة الزكاة والضريبة والجمارك,1/29/2026,1/29/2026,فنادق,فندق الريتز كارلتون,الرياض,GOV-2026-0307
صندوق الاستثمارات العامة,ورشة عمل,ورشة عمل الإدارة العليا,2/4/2026,2/4/2026,فنادق,فندق جريد الرياض,الرياض,GOV-2026-0308
المركز السعودي للتحكيم التجاري,ورشة عمل,مرافعات التحكيم التجاري الطلابية,2/1/2026,2/1/2026,فنادق,فندق السوفتيل,الرياض,GOV-2026-0309
هيئة الحكومة الرقمية,دورة تدريبية,البرمجيات مفتوحة المصدرللمحترفين,2/2/2026,2/5/2026,فنادق,كراون بلازا,الرياض,GOV-2026-0310
مركز مشاريع البنية التحتية بمنطقة الرياض,ورشة عمل,المجلس التنسيقي,2/2/2026,2/2/2026,فنادق,فندق الفيرمونت,الرياض,GOV-2026-0311
هيئة تقويم التعليم والتدريب,دورة تدريبية,البرنامج التدريبي مراجع اعتماد المنشات التدريبية مسائي,1/28/2026,1/29/2026,فنادق,فندق بريرا قرطبة,الرياض,GOV-2026-0312
هيئة تقويم التعليم والتدريب,دورة تدريبية,البرنامج التدريبي اخصائي تقويم المدارس  صباحي,1/28/2026,1/29/2026,فنادق,فندق بريرا قرطبه,الرياض,GOV-2026-0313
المركز السعودي للتحكيم التجاري,ورشة عمل,مرافعات التحكيم التجاري الطلابية الأول,2/1/2026,2/3/2026,فنادق,فندق السوفتيل,الرياض,GOV-2026-0314
المركز السعودي للتحكيم التجاري,ورشة عمل,مرافعات التحكيم التجاري الطلابية الثاني,2/1/2026,2/3/2026,فنادق,فندق السوفتيل,الرياض,GOV-2026-0315
المؤسسة العامة للمحافظة على الشعب المرجانية والسلاحف في البحر الأحمر,ورشة عمل,الورشة الوطنية التعريفية لتعزيز التنسيق الفعال مع الإدارة العامة لحرس الحدود,2/12/2026,2/12/2026,فنادق,فندق ذا فينيو جدة,جدة,GOV-2026-0316
المركز السعودي للتحكيم التجاري,ورشة عمل,مرافعات التحكيم التجاري الطلابية الثالث,2/1/2026,2/3/2026,فنادق,فندق السوفتيل,الرياض,GOV-2026-0317
المركز السعودي للتحكيم التجاري,ورشة عمل,مرافعات التحكيم التجاري الطلابية الرابع,2/3/2026,2/3/2026,فنادق,فندق السوفتيل,الرياض,GOV-2026-0318
المركز الوطني لتنمية الغطاء النباتي ومكافحة التصحر,ورشة عمل, النباتات النادرة والمهددة بالانقراض,1/28/2026,1/28/2026,فنادق,فندق نوفوتيل,الرياض,GOV-2026-0320
مركز وقاء,دورة تدريبية,أساسيات إتيكيت وبروتوكول الأعما ل,2/1/2026,2/5/2026,فنادق,مداريم,الرياض,GOV-2026-0323
مركز وقاء,دورة تدريبية,قيمة الكلمة,2/4/2026,2/5/2026,فنادق,مداريم,الرياض,GOV-2026-0324
معهد الادارة العامة,دورة تدريبية,المسؤولية الادارية,2/10/2026,2/11/2026,فنادق,فندق بيست ويسترن بلس,ابها,GOV-2026-0326
هيئة السوق المالية,ورشة عمل, إدارة الموارد البشرية,2/15/2026,2/16/2026,فنادق,فندق هيلتون دبل تري المركز المالي - الرياض,الرياض,GOV-2026-0327
وزارة البيئة والمياه والزراعة,دورة تدريبية,إدارة المخاطر وفق المعايير المحلية والدولية,2/1/2026,2/5/2026,فنادق,فندق فيتوري بالاس الرياض,الرياض,GOV-2026-0328
جامعة نجران,اجتماع,لقاء الموارد البشرية,2/8/2026,2/11/2026,فنادق,فندق سنترو الواحة - الرياض,الرياض,GOV-2026-0331
الهيئة السعودية للسياحة,اجتماع,فعالية الارتباط الوظيفي لقطاع الاستراتجية,2/5/2026,2/5/2026,فنادق,ماريوت,الرياض,GOV-2026-0332
الهيئة الملكية لمدينة مكة المكرمة والمشاعر المقدسة,ورشة عمل,ورشة عمل المخطط الشامل,2/5/2026,2/5/2026,فنادق,موفنبيك,الرياض,GOV-2026-0333
الهيئة السعودية للمقيّمين المعتمدين,دورة تدريبية,تقييم العقار,2/8/2026,2/26/2026,فنادق,فندق التنفيذيين الفندقية,الرياض,GOV-2026-0344
الهيئة العامة للنقل,اجتماع,اجتماع الوفد الاردني,2/2/2026,2/2/2026,فنادق,فندق ماريوت الرياض,الرياض,GOV-2026-0346
المركز الوطني لقياس أداء الأجهزة العامة,اجتماع,اجتماع قطاع إدارة الأداء,2/8/2026,2/8/2026,فنادق,فندق فيرمونت,الرياض,GOV-2026-0347
الهيئة العامة للنقل,اجتماع,اجتماعات الوفد الاردني,2/2/2026,2/5/2026,فنادق,فندق ماريوت الرياض,الرياض,GOV-2026-0348
الهيئة السعودية لتنظيم الكهرباء,ورشة عمل,ورشة عمل لقاء المستهلكين,2/4/2026,2/4/2026,فنادق,فندق مرسى ضبا,ضبا,GOV-2026-0352
الهيئة السعودية لتنظيم الكهرباء,اجتماع,اجتماع مدراء قطاع المستهلكين,2/4/2026,2/4/2026,فنادق,فندق فوكو,الرياض,GOV-2026-0353
هيئة تقويم التعليم والتدريب,دورة تدريبية,البرنامج أخصائي التقويم المدرسي,2/11/2026,2/12/2026,فنادق,فندق فوكو,جدة,GOV-2026-0354
وزارة الصحة,ورشة عمل,ورشة عمل لموسم حج حول إجراءات التعامل مع الجثامين والدفن المباشر,2/15/2026,2/15/2026,فنادق,مكة المكرمة فندق فور بوينت شيرتون مكة النسيم,مكة المكرمة,GOV-2026-0355
جامعة الأميرة نورة,اجتماع,اجتماع سنوي,2/11/2026,2/11/2026,فنادق,فندق كراون بلازا - المدينة الرقمية,الرياض,GOV-2026-0356
الهيئة السعودية للسياحة,اجتماع,اجتماع الإدارة التنفيذية للهيئة السعودية للسياحة,2/11/2026,2/11/2026,فنادق,فندق ماريوت السفارات,الرياض,GOV-2026-0358
الطيران الملكي السعودي,اجتماع,اجتماع و تقديم على الوظائف,2/9/2026,2/11/2026,فنادق,جي دبليو ماريوت,الرياض,GOV-2026-0365
الهيئة السعودية للمياه,اجتماع,اللقاء السنوي لقطاع أعمال تحلية المياه,2/8/2026,2/8/2026,فنادق,فندق ميلينيوم المسار,جدة,GOV-2026-0366
الهيئة السعودية للبيانات والذكاء الاصطناعي,دورة تدريبية,تصنيف البيانات,2/3/2026,2/4/2026,فنادق,فندق فوكو,الرياض,GOV-2026-0368
الهيئة السعودية للمراجعين والمحاسبين,دورة تدريبية,فاحص احتيال مالي,2/8/2026,2/16/2026,فنادق,فوكو الخبر,الخبر,GOV-2026-0370
مجلس الضمان الصحي,ورشة عمل,الإبتكار المؤسسي نحو التميز,2/9/2026,2/9/2026,فنادق,هيلتون جاردن إن,الرياض,GOV-2026-0371
وزارة التعليم,اجتماع,التحول الاستراتيجي نحو البعد الدولي,2/5/2026,2/5/2026,فنادق,فندق الانتركونتيننتال الاحساء,الأحساء,GOV-2026-0374
الهيئة العامة للمعارض,اجتماع,اجتماع للشركة,2/4/2026,2/4/2026,فنادق,فندق ميريديان الخبر,الخبر,GOV-2026-0375
المركز الوطني للتخصيص,ورشة عمل,إدارة العقود,2/5/2026,2/5/2026,فنادق,فندق نوفوتيل الصحافة,الرياض,GOV-2026-0381
هيئة الحكومة الرقمية,دورة تدريبية,تحسين الظهور على محركات البحث للمواقع الحكومية,2/9/2026,2/11/2026,فنادق,فندق لومريديان,الرياض,GOV-2026-0387
هيئة تقويم التعليم والتدريب,دورة تدريبية,برنامج تأهيل مراجعي اعتماد اكاديمي مسائي,2/8/2026,2/11/2026,فنادق,فندق بريرا قرطبة,الرياض,GOV-2026-0388
هيئة الصحة العامة,دورة تدريبية,دورة الوبائيات الحقلي FETP PHEP لمتلازمة الشرق الأوسط التنفسية MERS  CoV في الحج والعمرة,2/8/2026,2/12/2026,فنادق,فندق بارك إن باي راديسون جدة طريق المدينة,جدة,GOV-2026-0391
المؤسسة العامة لجسر الملك فهد,دورة تدريبية,operations and response,2/5/2026,2/5/2026,فنادق,le meridien hotel alkhobar,الخبر,GOV-2026-0392
هيئة الحكومة الرقمية,دورة تدريبية,البرمجيات مفتوحة المصدرللمحترفين,2/9/2026,2/12/2026,فنادق,كروان بلازا الرقمية,الرياض,GOV-2026-0393
جامعة المجمعة,دورة تدريبية,اعداد التقارير باستخدام Power BI,2/22/2026,2/26/2026,فنادق,هوليدي ان - الازدهار,الرياض,GOV-2026-0395
جامعة المجمعة,دورة تدريبية,التحسين المستمر باستخدام منهجية كايزن,3/1/2026,3/3/2026,فنادق,هوليدي ان الازدهار,الرياض,GOV-2026-0396
جامعة المجمعة,دورة تدريبية,الذكاء الاصطناعي في بيئة العمل,3/3/2026,3/5/2026,فنادق,هوليدي ان الازدهار,الرياض,GOV-2026-0397
الهيئة السعودية للمواصفات والمقاييس والجودة,ورشة عمل,ورشة العمل الخاصة باستراتيجية تقييس,2/5/2026,2/5/2026,فنادق,فندق بيريرا النخيل,الرياض,GOV-2026-0398
جامعة المجمعة,دورة تدريبية,الابداع والابتكار في بيئة العمل,3/8/2026,3/10/2026,فنادق,هوليدي ان الازدهار,الرياض,GOV-2026-0399
التأمينات الاجتماعية,ورشة عمل,مناقشة الأعمال الاكتوارية في الموسسة التأمينات الاجتماعية,2/16/2026,2/16/2026,فنادق,"فندق وريزيدنس موفنبيك الرياض ، الدائري الشمالي ، حي الغدير ، مخرج ٤، مدينة الرياض",الرياض,GOV-2026-0400
المجلس الصحي السعودي,دورة تدريبية,البرنامج التدريبي للحسابات الصحية الوطنية,2/8/2026,2/12/2026,فنادق,هوليدي ان الازدهار,الرياض,GOV-2026-0407
وزارة التعليم,ورشة عمل,مدرات الأداء ضمن مسارات برنامج كفاءة الأداء واستدامة الأثر,2/9/2026,2/9/2026,فنادق,فندق ميلينيوم فندق المسار,جدة,GOV-2026-0408
الاكاديمية السعودية اللوجستية,دورة تدريبية,إدارة النقل,2/9/2026,2/12/2026,فنادق,فندق سنترو شاهين جدة من روتانا جدة,جدة,GOV-2026-0410
الاكاديمية السعودية اللوجستية,دورة تدريبية,إدارة المخزون,2/8/2026,2/12/2026,فنادق,فندق سوفيتل كورنيش الخبر,الخبر,GOV-2026-0411
الاكاديمية السعودية اللوجستية,دورة تدريبية,إدارة سلاسل التوريد,2/8/2026,2/12/2026,فنادق,فندق سوفيتل كورنيش الخبر.,الخبر,GOV-2026-0412
الاكاديمية السعودية اللوجستية,دورة تدريبية,إدارة عمليات المستودعات,2/8/2026,2/12/2026,فنادق,فندق سنترو شاهين جدة من روتانا.,جدة,GOV-2026-0413
معهد الاستشارات وحلول الاعمال,ورشة عمل,ورشة عمل,2/10/2026,2/12/2026,فنادق,فندق فيتوري بلاس,الرياض,GOV-2026-0420
جامعة المجمعة,دورة تدريبية,إعداد التقارير بإستخدام Power BI,3/8/2026,3/10/2026,فنادق,هوليدي ان الازدهار,الرياض,GOV-2026-0426
جامعة المجمعة,دورة تدريبية,الابداع والابتكار في العمل,2/22/2026,2/24/2026,فنادق,هوليدي ان الازدهار,الرياض,GOV-2026-0427
الهيئة الملكية لمدينة مكة المكرمة والمشاعر المقدسة,ورشة عمل,ورشة عمل قطاع التواصل,2/9/2026,2/9/2026,فنادق,فندق كروان بلازة,مكة المكرمة,GOV-2026-0431
الهيئة السعودية للمياه,ورشة عمل,منهجية التحقيق في الحوادث,2/10/2026,2/10/2026,فنادق,فندق موفينبيك الرياض,الرياض,GOV-2026-0434
المركز الوطني للوقاية من الآفات النباتية والأمراض الحيوانية ومكافحتها,اجتماع,لقاءات واجتماعات بمنطقة مكة المكرمة,2/9/2026,2/9/2026,فنادق,فندق اريديوم - الطائف,الطائف,GOV-2026-0437
الاتحاد السعودي للدراجات,اجتماع,اجتماع الاتحاد الاسيوي الكونغرس,2/12/2026,2/13/2026,فنادق,فندق موفنبيك الرياض,الرياض,GOV-2026-0440
أمانة المنطقة الشرقية,ورشة عمل,ورشة عمل تفاعلية لتطبيق الموجهات التصميمية للعمارات المعتمدة بالمنطقة الشرقية,2/10/2026,2/11/2026,فنادق,قاعة فندق الشيراتون بالدمام,الدمام,GOV-2026-0442
الهيئة الملكية,ورشة عمل,جودة الحياة الاسرية بمدينة الجبيل,2/10/2026,2/10/2026,غرف اجتماعات مستقله,قاعة النادي البحري بالهيئة الملكية بالجبيل,الجبيل الصناعية,GOV-2026-0443
الأمانة العامة لمجلس شؤون الجامعات,ورشة عمل,مشاريع البحث والابتكار في مبادرة ريادة الجامعات,2/16/2026,2/16/2026,مراكز معارض و مؤتمرات,"قاعة ""حوار"" للمؤتمرات في مركز الملك عبدالعزيز للتواصل الحضاري",الرياض,GOV-2026-0445
المعهد الوطني للتطوير المهني التعليمي,ورشة عمل,بناء الثقافة المؤسسية للمعهد الوطني,2/11/2026,2/11/2026,فنادق,فندق ماريوت الرياض حي السفارات,الرياض,GOV-2026-0449
جامعة الملك سعود,ورشة عمل,زمالة أهّل,2/14/2026,2/14/2026,فنادق,فندق ماندارين الفيصلية,الرياض,GOV-2026-0452
الهيئة السعودية للمواصفات والمقاييس والجودة,دورة تدريبية,دورة المقيم الداخلي وفق نموذج التميز لجائزة الملك عبدالعزيز للجودة,2/11/2026,2/12/2026,فنادق,فندق هيلتون دبل ثري المروج,الرياض,GOV-2026-0453
جامعة الملك فهد للبترول و المعادن,ورشة عمل,اللقاء السنوي للجهات المتعاونة في برنامج ارامكو التطوعي,2/11/2026,2/11/2026,فنادق,قاعة السلطانة 2,الخبر,GOV-2026-0454
وزارة السياحة,ورشة عمل,أعمال التوعية السبرانية لضيوف الرحمن أثناء موسم الحج والعمرة,2/12/2026,2/12/2026,فنادق,دبل تري من هيلتون جدة الأندلس مول,جدة,GOV-2026-0455
صندوق الشهداء والمصابين والأسرى والمفقودين,اجتماع,اجتماع قيادات الصندوق لمراجعة استراتيجية الصندوق,2/15/2026,2/15/2026,فنادق,فندق موفمبيك الرياض - الدائري الشمالي,الرياض,GOV-2026-0456
مركز التامين الصحي الوطني,اجتماع,اللقاء السنوي للقطاع,2/12/2026,2/12/2026,فنادق,فندق ماريوت,الرياض,GOV-2026-0457
المركز الوطني للتفتيش والرقابة,اجتماع,الاجتماع السنوي,2/12/2026,2/12/2026,فنادق,الريتز كارلتون,الرياض,GOV-2026-0458
الهيئة السعودية لتنظيم الكهرباء,ورشة عمل,الورشة الختامية لمشروع تحديث كود التوزيع السعودي,2/16/2026,2/16/2026,فنادق,فندق فوكو,الرياض,GOV-2026-0459
وزارة الموارد البشرية والتنمية الاجتماعية,ورشة عمل,ورشة عمل الاستراتيجية لتمكين العمل الحر والمرن,2/16/2026,2/16/2026,فنادق,هيلتون الرياض,الرياض,GOV-2026-0464
وزارة السياحة,ورشة عمل,ورشة أعمال التوعية السيبرانية لضيوف الرحمن لموسمي الحج والعمرة,2/15/2026,2/15/2026,فنادق,فندق بلتمور المدينة المنورة,المدينة المنورة,GOV-2026-0466
البرنامج الوطني لتطوير قطاع الثروة الحيوانية والسمكية,ورشة عمل,ورشة عمل توطني اللقاحات,2/16/2026,2/16/2026,غرف اجتماعات مستقله,وزارة البيئة والمياه والزراعة,الرياض,GOV-2026-0473
هيئة التأمين,ورشة عمل,لقاء شركات التأمين,2/16/2026,2/16/2026,فنادق,فندق موفنبيك الرياض,الرياض,GOV-2026-0474
المركز الوطني للوقاية من الآفات النباتية والأمراض الحيوانية ومكافحتها وقاء,اجتماع,اجتماع الرئيس التنفيذي بفرع المدينة المنورة,2/15/2026,2/15/2026,فنادق,ميريديان المدينة,المدينة المنورة,GOV-2026-0475
وزارة الشؤون الإسلامية والدعوة والإرشاد,اجتماع,المسابقة المحلية لحفظ القرآن الكريم,2/12/2026,2/18/2026,فنادق,النارسيس العليا,الرياض,GOV-2026-0478
وزارة البلديات والاسكان,ورشة عمل,فعالية التقييم,2/15/2026,2/15/2026,فنادق,فندق هيلتون جاردن ان,الرياض,GOV-2026-0485
جامعة الملك عبدالله للعلوم والتقنية,اجتماع,اجتماع المنصة الوطنية لبيانات وتكنولوجيا الصحة,2/15/2026,2/15/2026,فنادق,فندق هيلتون الرياض,الرياض,GOV-2026-0486
جامعة الملك عبدالله للعلوم والتقنية,ورشة عمل,ورشة مجموعة عمل برنامج التعاون الصناعي بكاوست KICP,2/16/2026,2/16/2026,فنادق,فندق هيلتون الرياض,الرياض,GOV-2026-0487
المعهد الوكني للتطوير المهني التعليمي,ورشة عمل,الثقافة المؤسسية,2/17/2026,2/17/2026,فنادق,فندق ماريوت الرياض,الرياض,GOV-2026-0493
جامعة المجمعة,دورة تدريبية,الابداع والابتكار في العمل,2/23/2026,2/25/2026,فنادق,هوليدي ان الازدهار,الرياض,GOV-2026-0496
جامعة المجمعة,دورة تدريبية,إعداد التقارير بإستخدام Power BI,3/8/2026,3/12/2026,فنادق,هوليدي ان الازدهار,الرياض,GOV-2026-0497
جامعة الملك سعود,ورشة عمل,زمالة أهّل,2/21/2026,2/21/2026,فنادق,ماندارين اورنتيل الفيصلية,الرياض,GOV-2026-0498
امارة منطقة القصيم,اجتماع,مبادرة عون لكم,2/27/2026,2/27/2026,مرافق عامة,بلدة النفيد التراثية برياض الخبراء,رياض الخبراء,GOV-2026-0511
الهيئة السعودية لتنظيم الكهرباء,اجتماع,اجتماع رمضاني سنوي لمنسوبي الهيئة السعودية لتنظيم الكهرباء,3/1/2026,3/1/2026,فنادق,فندق سوفيتيل,الرياض,GOV-2026-0515
جامعة الملك سعود,ورشة عمل,زمالة أهّل,2/28/2026,2/28/2026,فنادق,فندق ماندارين أورينتال الفيصلية,الرياض,GOV-2026-0516
الهيئة السعودية للمحامين,اجتماع,اجتماع المحامين الرمضاني,3/7/2026,3/8/2026,فنادق,هيلون جدة,جدة,GOV-2026-0532
بنك التنمية الاجتماعية,ورشة عمل,هاكثون وعد الشمال,4/7/2026,4/11/2026,صالات المناسبات,قاعة الاهالي بعرعر,عرعر,GOV-2026-0533
هيئة الصحة العامة,دورة تدريبية,دورة الوبائيات الحقلي FETP PHEP لمتلازمة الشرق الأوسط التنفسية MERS  CoV في الحج والعمرة,3/31/2026,4/2/2026,فنادق,جدة- فندق فوكو بوابة جدة,جدة,GOV-2026-0551
الهيئة الوطنية للأمن السيبراني,ورشة عمل,تمرين الأمن السيبراني لموسم حج ١٤٤٧هـ,4/29/2026,4/30/2026,مراكز معارض و مؤتمرات,فندق الريتز كارلتون,جدة,GOV-2026-0553
وزارة المالية,دورة تدريبية,برنامج الرقابة الذاتية,4/5/2026,4/9/2026,فنادق,فندق بريرا النخيل,الرياض,GOV-2026-0558
وزارة المالية,دورة تدريبية,برنامج كشف التواطؤ في المنافسات الحكومية,4/5/2026,4/7/2026,فنادق,فندق بريرا النخيل,الرياض,GOV-2026-0559
الأمانة العامة لمجلس شؤون الجامعات,ورشة عمل,ورشة تعزيز الجاهزية المؤسسية للانتقال لمراكز البحوث الانتقالية,4/2/2026,4/2/2026,فنادق,كراون بلازا الرياض فندق ومركز مؤتمرات.,الرياض,GOV-2026-0564
وزارة المالية,دورة تدريبية,برنامج كشف التواطؤ في المنافسات الحكومية,4/12/2026,4/16/2026,فنادق,فندق بريرا النخيل,الرياض,GOV-2026-0565
وزارة المالية,دورة تدريبية,برنامج كشف التواطؤ في المنافسات الحكومية,4/19/2026,4/21/2026,فنادق,فندق بريرا النخيل,الرياض,GOV-2026-0567
الإتحاد السعودي لكرة القدم,دورة تدريبية,دورة رخصة C الآسيوية للسيدات,3/30/2026,4/2/2026,فنادق,"جدة, ويسترن بلس , شارع أبي هيثم الأنصاري",جدة,GOV-2026-0569
المركز السعودي للتحكيم التجاري,دورة تدريبية,دورة الوساطة,4/4/2026,4/8/2026,فنادق,راديسون بلو العليا,الرياض,GOV-2026-0572
المؤسسة العامة لجسر الملك فهد,دورة تدريبية,إدارة العمليات والاستجابة,4/5/2026,4/9/2026,فنادق,فندق هيلتون الخبر - جسر الملك فهد,الخبر,GOV-2026-0573
وزارة المالية,دورة تدريبية,برنامج الرقابة الذاتية,4/12/2026,4/16/2026,فنادق,فندق بريرا النخيل,الرياض,GOV-2026-0574
وزارة المالية,دورة تدريبية,برنامج الرقابة الذاتية,4/19/2026,4/23/2026,فنادق,فندق بريرا النخيل,الرياض,GOV-2026-0575
وزارة المالية,دورة تدريبية,برنامج الرقابة الذاتية,4/12/2026,4/16/2026,فنادق,فندق بريرا النخيل,الرياض,GOV-2026-0576
الهيئة العامة للمعارض والمؤتمرات,اجتماع,اللقاء السنوي لمنسوبي الهيئة العامة للمعارض والمؤتمرات,4/2/2026,4/2/2026,مرافق عامة,منتجع ماربيلا الدرعية,الرياض,GOV-2026-0577
جامعة الملك عبدالعزيز,اجتماع,لقاء تطويري مع مستشاري مركز تطوير التعليم الجامعي,4/4/2026,4/4/2026,فنادق,فندق فوربوينتس شيراتون جدة,جدة,GOV-2026-0581
وزارة المالية,دورة تدريبية,برنامج كشف التواطؤ في المنافسات الحكومية,4/26/2026,4/28/2026,فنادق,فندق بريرا النخيل,الرياض,GOV-2026-0582
وزارة المالية,ورشة عمل,برنامج كشف التواطؤ في المنافسات الحكومية,5/3/2026,5/5/2026,فنادق,فندق بريرا النخيل,الرياض,GOV-2026-0583
الهيئة السعودية للمواصفات والمقاييس والجودة,دورة تدريبية,المقيم الداخلي وفق نموذج جائزة الملك عبدالعزيز للجودة,4/5/2026,4/9/2026,فنادق,فندق موفنبيك سيتي ستار جدة,جدة,GOV-2026-0584
وزارة الصحة,ورشة عمل,ورشة عمل,4/2/2026,4/2/2026,فنادق,فندق موفنبيك الرياض,الرياض,GOV-2026-0585
الهيئة العامة للعناية بشؤون المسجد الحرام والمسجد النبوي,ورشة عمل,ورشة عمل خطة التحول,4/2/2026,4/2/2026,فنادق,فندق هيلتون جدة,جدة,GOV-2026-0586
وزارة الثقافة,ورشة عمل,ورشة عمل نقل المعرفة,4/9/2026,4/9/2026,فنادق,فندق دبل تري / المركز المالي / طريق الدائري الشمالي,الرياض,GOV-2026-0589
هيئة الأفلام,دورة تدريبية,تدريب معتمد في مجال الذكاء الاصطناعي للمحترفين,5/6/2026,5/7/2026,فنادق,كروان بلازا الرياض فندق ومركز ومؤتمرات,الرياض,GOV-2026-0590
الهيئة السعودية للمقيّمين المعتمدين,دورة تدريبية,دورات تدريبية لمنتسبي الهيئة السعودية للمقيّمين المعتمدين,4/5/2026,4/16/2026,فنادق,فندق التنفيذيين الفندقية,الرياض,GOV-2026-0591
المدينة الطبية الجامعية,معرض توعوي,الشهر العالمي لسرطان الفم,4/10/2026,4/11/2026,مراكز تجارية,الحياة مول,الرياض,GOV-2026-0592
الهيئة السعودية للسياحة,ورشة عمل,برنامج إدارة الأفراد والأداء,4/12/2026,4/16/2026,فنادق,الكورت يارد - السفارات,الرياض,GOV-2026-0593
هيئة الزكاة والضريبة والجمارك,دورة تدريبية,التقييم الجمركي,4/5/2026,4/7/2026,فنادق,فوكو الخبر,الخبر,GOV-2026-0594
هيئة الزكاة والضريبة والجمارك,دورة تدريبية,تنمية مهارات الحس الأمني,4/8/2026,4/9/2026,فنادق,فوكو,الخبر,GOV-2026-0595
هيئة الزكاة والضريبة والجمارك,دورة تدريبية,إدارة المخاطر الجمركية والاستهداف,4/12/2026,4/14/2026,فنادق,فوكو,الخبر,GOV-2026-0596
هيئة الزكاة والضريبة والجمارك,دورة تدريبية,تحليل صور الاشعة السينية للحاويات والمركبات والطرود,4/5/2026,4/6/2026,فنادق,فوكو,الخبر,GOV-2026-0597
هيئة الزكاة والضريبة والجمارك,دورة تدريبية,مهارات العرض والالقاء,4/5/2026,4/7/2026,فنادق,فيتوري بالاس,الرياض,GOV-2026-0598
هيئة الزكاة والضريبة والجمارك,دورة تدريبية,لين سيجما الحزام الاصفر,4/21/2026,4/23/2026,فنادق,فيتوري بالاس,الرياض,GOV-2026-0599
هيئة الزكاة والضريبة والجمارك,دورة تدريبية,تحليلات البيانات باستخدام الذكاء الاصطناعي,4/12/2026,4/14/2026,فنادق,فيتوري بالاس,الرياض,GOV-2026-0601
وزارة البيئة والزراعة والمياة,دورة تدريبية,إدارة الطوارئ والأزمات,4/5/2026,4/9/2026,فنادق,فندق فيتوري بالاس,الرياض,GOV-2026-0606
وزارة البيئة والمياه والزراعة,معرض توعوي,أسبوع البيئة,5/3/2026,5/9/2026,مراكز معارض و مؤتمرات,ساحة العروض بالدائري الشرقي,الرياض,GOV-2026-0607
هيئة تقويم التعليم والتدريب,ورشة عمل,ورشة رخص المعلمين التربوي,4/12/2026,4/13/2026,فنادق,فندق بريرا,الرياض,GOV-2026-0608
هيئة تقويم التعليم والتدريب,ورشة عمل,ورشة رخص المعلمين,4/12/2026,4/13/2026,فنادق,فندق بريرا,الرياض,GOV-2026-0609
هيئة تقويم التعليم والتدريب,ورشة عمل,ورشة اخصائي التقويم  المدرسي صباحي,4/12/2026,4/13/2026,فنادق,فندق بريرا قرطبة,الرياض,GOV-2026-0610
هيئة تقويم التعليم والتدريب,ورشة عمل,جاهزية مسائية,4/12/2026,4/13/2026,فنادق,فندق بريرا,الرياض,GOV-2026-0611
هيئة تقويم التعليم والتدريب,ورشة عمل,المهندسين,4/15/2026,4/16/2026,فنادق,فندق بريرا,الرياض,GOV-2026-0612
هيئة تقويم التعليم والتدريب,ورشة عمل,رخص المعلمين,4/19/2026,4/20/2026,فنادق,فندق بريرا,الرياض,GOV-2026-0613
هيئة تقويم التعليم والتدريب,ورشة عمل,رخص المعلمين المجموعة مسائية,4/19/2026,4/20/2026,فنادق,فندق بريرا,الرياض,GOV-2026-0614
هيئة تقويم التعليم والتدريب,ورشة عمل,رخص المعلمين المجموعة,4/26/2026,4/27/2026,فنادق,فندق بريرا,الرياض,GOV-2026-0616
هيئة تقويم التعليم والتدريب,ورشة عمل,تأهيل مراجعي الاعتماد الاكاديمي صباحي,4/26/2026,4/29/2026,فنادق,فندق بريرا,الرياض,GOV-2026-0617
هيئة تقويم التعليم والتدريب,ورشة عمل,ورشة عمل جاهزية  المهارات,4/29/2026,4/30/2026,فنادق,فندق بريرا,الرياض,GOV-2026-0618
هيئة تقويم التعليم والتدريب,ورشة عمل,اخصائي تقويم مدرسي صباحي,4/29/2026,4/30/2026,فنادق,فندق بريرا,الرياض,GOV-2026-0620
هيئة تقويم التعليم والتدريب,ورشة عمل,ورشة عمل جاهزية,4/22/2026,4/23/2026,فنادق,فندق بريرا,الرياض,GOV-2026-0623
سدايا,دورة تدريبية,برنامج تصنيف البيانات,4/5/2026,4/5/2026,فنادق,فندق فوكو الرياض,الرياض,GOV-2026-0628
المركز الوطني للنخيل والتمور,ورشة عمل,تعزيز وتنمية مهارات مرشدين الجمعيات الزارعية في الارشاد والتدريب في قطاع النخيل والتمور,4/7/2026,4/9/2026,فنادق,الأحساء انتركونتيننتال,الأحساء,GOV-2026-0629
الخدمات الصحية بوزارة الدفاع,معرض توعوي,اليوم العالمي لصحة الفم والأسنان,4/16/2026,4/18/2026,مراكز تجارية,بانوراما مول,الرياض,GOV-2026-0630
الاكاديمية المالية,دورة تدريبية,برنامج تدريب ادارة التجزئة,4/5/2026,4/5/2026,فنادق,فندق موفنبيك الرياض,الرياض,GOV-2026-0631
الاكاديمية المالية,دورة تدريبية,برنامج تحليل القوائم المالية المستوى المتقدم,4/5/2026,4/6/2026,فنادق,فندق موفنبيك الرياض,الرياض,GOV-2026-0632
الاكاديمية المالية,دورة تدريبية,برنامج التفكير الاستراتيجي والتنفيذ,4/5/2026,4/7/2026,فنادق,فندق موفنبيك الرياض,الرياض,GOV-2026-0633
جامعة الملك سعود,معرض توعوي,نوم قويم,4/9/2026,4/10/2026,مراكز تجارية,واجهة روشن,الرياض,GOV-2026-0634
صندوق التنمية الثقافي,دورة تدريبية,المقيم الداخلي المعتمد وفق نموذج جائزة الملك عبدالعزيز للجودة,4/26/2026,4/30/2026,فنادق,فندق بريرا النخيل,الرياض,GOV-2026-0636
وزارة المياة والبيئة والزارعة,دورة تدريبية,إدارة استمرارية الأعمال,5/3/2026,5/7/2026,فنادق,فندق فيتوري بالاس,الرياض,GOV-2026-0637
جامعة نجران,دورة تدريبية,الاستشارات الإعلامية,4/8/2026,4/9/2026,فنادق,فندق فيرمونت الرياض,الرياض,GOV-2026-0638
جامعة نجران,دورة تدريبية,تطوير ثقافة الابتكار وتعزيز بيئات العمل الإبداعية,4/7/2026,4/9/2026,فنادق,الخبر - هيلتون جاردن ان الخبر,الخبر,GOV-2026-0639
جامعة نجران,دورة تدريبية,الشهادة المتقدمة في تشغيل وإدارة مراكز العمليات الطارئة,4/7/2026,4/9/2026,فنادق,راديسون بلو السلام - جدة,جدة,GOV-2026-0640
وزارة المالية,دورة تدريبية,برنامج الرقابة الذاتية,4/26/2026,4/30/2026,فنادق,فندق بريرا النخيل,الرياض,GOV-2026-0642
وزارة المالية,دورة تدريبية,برنامج الرقابة الذاتية,5/3/2026,5/7/2026,فنادق,فندق بريرا النخيل,الرياض,GOV-2026-0643
معهد الإدارة العامة,دورة تدريبية,برنامج مهارات الإتصال الفعال,4/7/2026,4/9/2026,فنادق,فندق راديسون بلو الكورنيش,جدة,GOV-2026-0646
وزارة النقل والخدمات اللوجستية,دورة تدريبية,تحليل البيانات باستخدام مايكروسوفت اكسل,4/12/2026,4/16/2026,فنادق,فندق سنترو الواحة,الرياض,GOV-2026-0647
وزارة المالية,دورة تدريبية,برنامج الرقابة الذاتية,5/10/2026,5/14/2026,فنادق,بريرا النخيل,الرياض,GOV-2026-0648
جامعة القصيم,معرض توعوي,رفع مستوى الوعي المجتمعي باضطراب التوحد,4/16/2026,4/16/2026,مراكز تجارية,منتجع نخلا,بريدة,GOV-2026-0650
جامعة القصيم,معرض توعوي,حملة توعوية عن الخرف,4/16/2026,4/16/2026,مراكز تجارية,سدرة فالي بالرس,الرس,GOV-2026-0651
جامعة القصيم,معرض توعوي,التوعية بمرض الكلي المزمن,4/22/2026,4/24/2026,مراكز تجارية,منتجع نخلا,بريدة,GOV-2026-0652
جامعة القصيم,معرض توعوي,التوعية بالقالون العصبي,4/23/2026,4/23/2026,مراكز تجارية,منتجع شطفة بالبدائع,البدائع,GOV-2026-0653
جامعة القصيم,معرض توعوي,دور العلاج الطبيعي في تحسين جودة كبار السن,4/8/2026,4/8/2026,مراكز تجارية,الجديعي مول,بريدة,GOV-2026-0654
وزارة المالية,دورة تدريبية,برنامج الرقابة الذاتية,5/17/2026,5/21/2026,فنادق,فندق بريرا النخيل,الرياض,GOV-2026-0655
جامعة القصيم,معرض توعوي,اليوم العالمي لمكافحة السمنة,4/12/2026,4/12/2026,مراكز تجارية,الجديعي مول,بريدة,GOV-2026-0656
الاكاديميه الماليه,دورة تدريبية,اختبارات خاصه بالاكاديمية الماليه,4/7/2026,4/9/2026,فنادق,فندق موفنبيك الرياض,الرياض,GOV-2026-0657
الاكاديمية المالية,دورة تدريبية,برنامج التفكير التصميمي,4/7/2026,4/9/2026,فنادق,فندق موفنبيك الرياض,الرياض,GOV-2026-0658
الاكاديمية المالية,دورة تدريبية,برنامج تدريب ادارة التجزئة,4/8/2026,4/9/2026,فنادق,فندق موفنبيك الرياض,الرياض,GOV-2026-0659
معهد الإدارة العامة,دورة تدريبية,مهارات الإتصال الفعال,4/12/2026,4/14/2026,فنادق,فندق راديسون بلو الكورنيش,جدة,GOV-2026-0662
معهد الإدارة العامة,دورة تدريبية,مهارات الإتصال الفعال,4/14/2026,4/16/2026,فنادق,فندق راديسون بلو الكورنيش,جدة,GOV-2026-0664
جامعة الملك سعود بن عبدالعزيز للعلوم الصحية,ندوة,الندوة الأولى للغسيل الكلوي للأطباء والتمريض في مستشفى الملك سلمان التخصصي بالطائف,6/19/2026,6/20/2026,فنادق,فندق إنتركونتيننتال الطائف,الطائف,GOV-2026-0666
وزارة المالية,دورة تدريبية,برنامج الرقابة الذاتية,6/14/2026,6/18/2026,فنادق,فندق بريرا النخيل,الرياض,GOV-2026-0667
وزارة المالية,دورة تدريبية,برنامج الرقابة الذاتية,6/21/2026,6/25/2026,فنادق,فندق بريرا النخيل,الرياض,GOV-2026-0668
الكلية التقنية للبنات بحائل,معرض تعريفي,مهارتك مستقبلك,5/13/2026,5/13/2026,صالات المناسبات,الكلية التقنية للبنات بحائل,حائل,GOV-2026-0669
المدينة الطبية الجامعية,معرض توعوي,الشهر العالمي لسرطان الفم,4/11/2026,4/12/2026,مراكز تجارية,الرياض بارك,الرياض,GOV-2026-0670
الهيئة السعودية للسياحة,ورشة عمل,برنامج إدارة الأفراد والأداء,4/19/2026,4/23/2026,فنادق,الكورت يارد - السفارات,الرياض,GOV-2026-0671
الهيئة السعودية للمدن الصناعية ومناطق التقنية,اجتماع,التحول الاستراتيجي لاستشراف آفاق المستقبل,4/7/2026,4/7/2026,فنادق,فندق موفنبيك الرياض,الرياض,GOV-2026-0672
هية الحكومة الرقمية,ورشة عمل,ورش الإطلاق للجهات الحكومية لمؤشر الأمم المتحدة لتطور الحكومة الإلكترونية,4/20/2026,5/5/2026,فنادق,دبل تري من هيلتون الرياض المركز المالي,الرياض,GOV-2026-0673
الاكاديمية المالية,دورة تدريبية,مهارات الإدارة والإشراف,4/12/2026,4/13/2026,فنادق,فندق موفنبيك الرياض,الرياض,GOV-2026-0674
الاكاديمية المالية,دورة تدريبية,مكافحة غسل الأموال وتمويل الارهاب,4/12/2026,4/16/2026,فنادق,فندق موفنبيك الرياض,الرياض,GOV-2026-0675
الاكاديمية المالية,دورة تدريبية,برنامج مرونة الأعمال باستخدام باور بي آي,4/12/2026,4/15/2026,فنادق,فندق موفنبيك الرياض,الرياض,GOV-2026-0676
الاكاديمية المالية,دورة تدريبية,التحليل النقدي وصياغة بلاغات الاشتباه من التفكير التحليلي إلى البلاغ الفعّال,4/12/2026,4/16/2026,فنادق,فندق موفنبيك الرياض,الرياض,GOV-2026-0677
الاكاديمية المالية,دورة تدريبية,تطوير الخريجين السعوديين النخبة في إدارة الأصول,4/12/2026,4/16/2026,فنادق,فندق موفنبيك الرياض,الرياض,GOV-2026-0680
الاكاديمية المالية,دورة تدريبية,المالية لغير الماليين,4/13/2026,4/16/2026,فنادق,فندق موفنبيك الرياض,الرياض,GOV-2026-0681
الاكاديمية المالية,دورة تدريبية,مركز اختبارات متنقل للاكاديمية المالية,4/12/2026,4/16/2026,فنادق,فندق موفنبيك الرياض,الرياض,GOV-2026-0682
الاكاديمية المالية,دورة تدريبية,معادن,4/12/2026,4/16/2026,فنادق,فندق موفنبيك الرياض,الرياض,GOV-2026-0683
جامعة نجران,اجتماع,اجتماع لجنة رئاسة جامعة نجران,4/8/2026,4/8/2026,فنادق,الرياض - فندق فيرمونت,الرياض,GOV-2026-0684
صندوق التنمية السياحي,اجتماع,اجتماع أسبوعي دوري,4/9/2026,4/9/2026,فنادق,فندق جريد الرياض,الرياض,GOV-2026-0685
صندوق التنمية السياحي,اجتماع,اجتماع مناقشة تقرير الاداء الربعي,4/16/2026,4/16/2026,فنادق,فندق جي دبليو ماريوت,الرياض,GOV-2026-0686
وزارة الرياضة,اجتماع,الاجتماع السنوي لوكالة التخطيط الاستراتيجي والاستثمار,4/9/2026,4/9/2026,فنادق,فندق موفنبيك,الرياض,GOV-2026-0687
وزارة الصحة,ورشة عمل,ورشة عمل الموظفين المساهمين في تشييد المشاريع مكة العام و الليث  و إرادة,4/12/2026,4/12/2026,فنادق,فندق فوكو,الرياض,GOV-2026-0689
جامعة نجران,دورة تدريبية,التحول الرقمي في إدارة الموارد البشرية,4/12/2026,4/14/2026,فنادق,الخبر - هيلتون جاردن ان,الرياض,GOV-2026-0691
جامعة نجران,دورة تدريبية,مهارات التواصل داخل الفرق,4/14/2026,4/16/2026,فنادق,الخبر - فندق هيلتون جاردن ان,الخبر,GOV-2026-0692
جامعة القصيم,معرض توعوي,حملة توعوية صحية شاملة,4/16/2026,4/16/2026,مراكز تجارية,منتجع نخلا,بريدة,GOV-2026-0693
جامعة القصيم,معرض توعوي,خلف الآلم رحلة الفايبروميالجيا,5/1/2026,5/1/2026,مراكز تجارية,منتجع نخلا,بريدة,GOV-2026-0694
وزارة الثقافة,ورشة عمل,ورشة عمل المنطقة الرمادية,4/14/2026,4/14/2026,فنادق,فندق باب سمحان,الدرعية,GOV-2026-0695
اللجنة الوزارية للسلامة المرورية,ورشة عمل,موظف فوق العادة,4/16/2026,4/16/2026,فنادق,فندق الفيرمونت,الرياض,GOV-2026-0696
هيئة تقويم التعليم والتدريب,ورشة عمل,ورشة التغذية الراجعة لعمليات التقويم والتصنيف والاعتماد المدرسي,4/12/2026,4/13/2026,فنادق,فندق هوليدي ان العزيزية بمكة,مكة المكرمة,GOV-2026-0699
هيئة تقويم العليم والتدريب,ورشة عمل,اخصائي التقويم المدرسي,4/12/2026,4/13/2026,فنادق,فندق ستاينز ابها,ابها,GOV-2026-0700
صندوق تنمية الموارد البشرية,ورشة عمل,ورش عمل هدف للقيادة,4/12/2026,4/23/2026,فنادق,فندق نارسيس,الرياض,GOV-2026-0701
نادي الصقور السعودي,مزاد,المزاد الدولي لمزارع إنتاج الصقور,8/5/2026,8/25/2026,مراكز معارض و مؤتمرات,مركز الرياض للمعارض والمؤتمرات-ملهم,الرياض,GOV-2026-0703
الهيئة السعودية للمقيّمين المعتمدين,دورة تدريبية,إقامة دورات تدريبية لمناهج الهيئة السعودية للمقيّمين المعتمدين,4/12/2026,4/23/2026,فنادق,فندق التنفيذيين,الرياض,GOV-2026-0706
مستشفي الملك فيصل التخصصي ومركز الابحاث جدة,ورشة عمل,اهمية التغليم المشترك التداخلي بين المهنيين في مجال الرعاية الصحية,5/12/2026,5/12/2026,فنادق,فندق موفمبيك التحلية,جدة,GOV-2026-0707
هيئة تطوير محمية الملك عبدالعزيز الملكية,ورشة عمل,ورشة إدارة العلاقات في بيئة العمل,4/16/2026,4/16/2026,فنادق,فندق روش ريحان روتانا العليا,الرياض,GOV-2026-0709
وزارة الثقافة,ورشة عمل,ورشة عمل مشروع الأمير محمد بن سلمان لتطوير المساجد التاريخية,4/13/2026,4/13/2026,فنادق,فندق انتر كونتننتال / حي المؤتمرات / شارع الملك سعود,الرياض,GOV-2026-0710
وزارة البلديات و الاسكان,ورشة عمل,تحقيق بيئة رقابية واعية,4/14/2026,4/15/2026,فنادق,فندق نارسيس الرياض,الرياض,GOV-2026-0711
مركز وقاء,ورشة عمل,ورش عمل المكلفين بأعمال الحج,4/14/2026,4/14/2026,فنادق,فندق راديسون بلو,المدينة المنورة,GOV-2026-0712
الهيئة السعودية للملكية الفكرية,ورشة عمل,ورشة عمل تعريفية عن الملكية الفكرية,4/29/2026,4/29/2026,فنادق,فندق راديسون المطار,الرياض,GOV-2026-0713
مركز وقاء,ورشة عمل,ورش عمل المكلفين بأعمال الحج,4/16/2026,4/16/2026,فنادق,فندق شيرفان جدة,جدة,GOV-2026-0714
وزارة البيئة والمياه والزراعة,معرض تعريفي,المعارض التعريفية لمنتجات المانجو بمهرجان المانجو بالقنفذة,4/22/2026,4/24/2026,مرافق عامة,الحديقة العامة بالكورنيش الغربي بمحافظة القنفذة,القنفذة,GOV-2026-0715
جامعة الملك سعود,معرض توعوي,عدو بلا هوية,4/16/2026,4/17/2026,مراكز تجارية,غرناطة مول,الرياض,GOV-2026-0716
الكلية التقنية بالرس,مؤتمر,ابتكارات وهمم,5/5/2026,5/6/2026,غرف اجتماعات مستقله,الكلية التقنية بالرس- مبنى 10 (الصالة المتعددة الاغراض),الرس,GOV-2026-0718
المركز الوطني للأرصاد,دورة تدريبية,القيادة البصيرة,4/23/2026,4/23/2026,فنادق,"فندق ذا فينيو الكورنيش، جدة.",جدة,GOV-2026-0720
وزارة الصحة,ورشة عمل,ورشة عمل الموظفين المساهمين في تشييد المشاريع مكة العام و الليث و إرادة,4/19/2026,4/19/2026,فنادق,فندق فوكو,الرياض,GOV-2026-0722
الهيئة السعودية لتنظيم الكهرباء,ورشة عمل,ورشة عمل مناقشة مؤشرات الأداء لقطاع القانونية والتنظيمات,4/23/2026,4/23/2026,فنادق,جي دبليو ماريوت,الرياض,GOV-2026-0723
الهيئة الملكية للجبيل وينبع,ندوة,ندوة المسؤولية الاجتماعية,4/14/2026,4/14/2026,مرافق عامة,مسرح معهد ينبع التقني,ينبع الصناعية,GOV-2026-0726
هيئة الحكومة الرقمية,ورشة عمل,ورشة عمل لإطلاق أعمال رفع الجاهزية لوزارة الموارد البشرية والتنمية الاجتماعية لتقرير مؤشر الأمم المتحدة لتطور الحكومة الإلكترونية,4/20/2026,4/20/2026,فنادق,دبل تري هيلتون المركز المالي,الرياض,GOV-2026-0728
هيئة الحكومة الرقمية,ورشة عمل,ورشة عمل لإطلاق أعمال رفع الجاهزية لوزارة البلديات والإسكان لتقرير مؤشر الأمم المتحدة لتطور الحكومة الإلكترونية,4/26/2026,4/26/2026,فنادق,دبل تري هيلتون المركز المالي,الرياض,GOV-2026-0729
هيئة الحكومة الرقمية,ورشة عمل,ورشة عمل لإطلاق أعمال رفع الجاهزية للمركز الوطني لقياس أداء الأجهزة العامة الاجتماعية لتقرير مؤشر الأمم المتحدة لتطور الحكومة الإلكترونية,4/27/2026,4/27/2026,فنادق,دبل تري هيلتون المركز المالي,الرياض,GOV-2026-0730
هيئة الحكومة الرقمية,ورشة عمل,ورشة عمل لإطلاق أعمال رفع الجاهزية لوزارة الصحة لتقرير مؤشر الأمم المتحدة لتطور الحكومة الإلكترونية,4/30/2026,4/30/2026,فنادق,دبل تري هيلتون المركز المالي,الرياض,GOV-2026-0731
هيئة الحكومة الرقمية,ورشة عمل,ورشة عمل لإطلاق أعمال رفع الجاهزية لوزارة التعليم لتقرير مؤشر الأمم المتحدة لتطور الحكومة الإلكترونية,5/5/2026,5/5/2026,فنادق,دبل تري هيلتون المركز المالي,الرياض,GOV-2026-0733
جامعة المجمعة,دورة تدريبية,خبير تطبيقات أهداف التنمية المستدامة ٢٠٣٠,4/18/2026,4/22/2026,فنادق,فندق مداريم كراون,الرياض,GOV-2026-0738
جامعة المجمعة,دورة تدريبية,خبير تطبيقات أهداف التنمية المستدامة ٢٠٣٠,4/19/2026,4/23/2026,فنادق,فندق مداريم كراون,الرياض,GOV-2026-0739
الهيئة العامة للمساحة والمعلومات الجيومكانية,ورشة عمل,برنامج تدريبي على قياس الأداء وإعداد التقارير وتحليل وتفسير النتائج,4/23/2026,4/23/2026,فنادق,حياة ريجينسي,الرياض,GOV-2026-0740
الجمعية التنموية النسائية بالرس,معرض توعوي,بنون لوعي تربوي لجيل رقمي,5/11/2026,5/13/2026,مراكز معارض و مؤتمرات,مركز الأمير سلطان الحضاري,الرس,GOV-2026-0741
جامعة القصيم,معرض توعوي,اليوم العالمي لشلل الرعاش,4/23/2026,4/23/2026,مراكز تجارية,منتجع نخلا,بريدة,GOV-2026-0742
الهيئة السعودية للبيانات والذكاء الاصطناعي,دورة تدريبية,الذكاء الاصطناعي التطبيقي,4/19/2026,5/21/2026,فنادق,بريرا اليارموك,الرياض,GOV-2026-0743
الهيئة السعودية للبيانات والذكاء الاصطناعي,دورة تدريبية,خبراء معالجة اللغة العربية,4/19/2026,5/14/2026,فنادق,بريرا اليرموك,الرياض,GOV-2026-0744
مدينة الملك عبدالعزيز الطبية وزارة الحرس الوطني جدة,معرض توعوي,يوم التوعية بزراعة الكلى والتبرع بالاعضاء,5/14/2026,5/15/2026,مراكز تجارية,الاندلس مول - جدة,جدة,GOV-2026-0745
جامعة الملك سعود,معرض توعوي,منظار بلا انتظار,4/17/2026,4/18/2026,مرافق عامة,بانوراما مول,الرياض,GOV-2026-0748
المركز السعودي لكفاءة الطاقة,دورة تدريبية,CEM مدير طاقة معتمد,4/19/2026,4/23/2026,فنادق,فندق كراون بلازا الرقمية,الرياض,GOV-2026-0751
وزارة الصحة,ورشة عمل,العمر الصحي المتوقع والمسح الصحي العالمي,4/20/2026,4/21/2026,فنادق,فندق كروان بلازا الرقمية,الرياض,GOV-2026-0753
جامعة طيبة,معرض تعريفي,فعالية رواق الابداع ٢٠٢٦م,6/4/2026,6/4/2026,مراكز معارض و مؤتمرات,الغرفة التجارية بالمدينة المنورة,المدينة المنورة,GOV-2026-0755
الهيئة الملكية لمدينة مكة المكرمة والمشاعر المقدسة,ورشة عمل,ورشة عمل قطاع الاستراتيجية,4/19/2026,4/23/2026,فنادق,رديسون بلو الحمراء,جدة,GOV-2026-0756
معهد الإدارة العامة فرع منطقة مكة المكرمة,دورة تدريبية,برنامج الذكاء العاطفي,4/20/2026,4/22/2026,فنادق,فندق راديسون بلو الكورنيش - جدة,جدة,GOV-2026-0758
وزارة البلديات والاسكان,ورشة عمل,وعي يحمي وبلاغ يصون,4/28/2026,4/29/2026,فنادق,نارسيس الرياض,الرياض,GOV-2026-0759
وزارة البلديات والاسكان,ورشة عمل,وعي يحمي وبلاغ يصون,5/12/2026,5/13/2026,فنادق,نارسيس - الرياض,الرياض,GOV-2026-0760
وزارة البلديات و الاسكان,ورشة عمل,وعي يحمي وبلاغ يصون,12/24/2026,12/24/2026,فنادق,نارسيس الرياض,الرياض,GOV-2026-0761
الهيئة السعودية للمواصفات والمقاييس والجودة,دورة تدريبية,المقيم الداخلي وفق نموذج التميز لجائزة الملك عبدالعزيز للجودة,4/19/2026,4/23/2026,فنادق,دبل تري المروج,الرياض,GOV-2026-0764
المركز الوطني لكفاءة وترشيد المياه,معرض توعوي,معرض مائي التوعوي,4/23/2026,4/25/2026,مراكز تجارية,النخيل مول بمدينة الدمام,الدمام,GOV-2026-0765
جامعة نجران,دورة تدريبية,مهارات التواصل داخل الفرق,4/21/2026,4/23/2026,فنادق,"فندق غاليريا جدة،  مجموعة فنادق كوريو من هيلتون",جدة,GOV-2026-0766
جامعة نجران,دورة تدريبية,الإدارة الابتكارية للاداء الاستثمار الفعال للوقت,4/21/2026,4/23/2026,فنادق,راديسون بلو الرياض - العليا,الرياض,GOV-2026-0767
جامعة نجران,دورة تدريبية,امن المعلومات للموظف الإداري,4/21/2026,4/23/2026,فنادق,هيلتون جاردن ان الخبر,الخبر,GOV-2026-0768
تجمع الطائف الصحي,ندوة,الندوة العلمية الثانية للخدمة الاجتماعية الطبية,4/21/2026,4/21/2026,فنادق,فندق اريديوم,الطائف,GOV-2026-0769
جمعية الطائف الخيرية لذوي الاحتياجات الخاصة,معرض توعوي,أفهموني  لخدمة ذوي اضطراب طيف التوحد,4/27/2026,4/28/2026,فنادق,محافظة الطائف - فندق اريديوم - طريق وادي وج,الطائف,GOV-2026-0770
سدايا,دورة تدريبية,تصنيف البيانات,4/19/2026,4/19/2026,فنادق,فندق فوكو,الرياض,GOV-2026-0771
الهيئة السعودية لتنظيم الكهرباء,ورشة عمل,ورشة عمل قطاع المستهلكين,4/23/2026,4/23/2026,فنادق,فندق ماريوت,الرياض,GOV-2026-0772
هيئة الحكومة الرقمية,دورة تدريبية,تحسين الظهور على محركات البحث للمواقع الإلكترونية,4/27/2026,4/29/2026,فنادق,فندق لوميرديان,الرياض,GOV-2026-0774
المركز الوطني لتنمية الغطاء النباتي ومكافحة التصحر,دورة تدريبية,دورة معالجة وتحليل وإنتاج البيانات الجغرافية,4/19/2026,4/23/2026,فنادق,الرياض - فندق نوفوتيل الصحافة,الرياض,GOV-2026-0775
المعهد الملكي للفنون التقليدية,اجتماع,اجتماع مراجعة الأداء الاستراتيجي الربع السنوي,4/26/2026,4/26/2026,فنادق,"فندق فوكو، الرياض",الرياض,GOV-2026-0776
اللجنة الوزارية للسلامة المرورية,ورشة عمل,موظف فوق العادة,5/7/2026,5/7/2026,فنادق,فيرمونت الرياض,الرياض,GOV-2026-0777
المركز الوطني لكفاءة وترشيد المياه,ورشة عمل,مبادرة الصافي الإيجابي والاستدامة المائية,4/29/2026,4/29/2026,فنادق,الموفنبيك - الرياض ( قاعة تيماء ),الرياض,GOV-2026-0778
وزارة الطاقة,دورة تدريبية,مهارات الإنتاجية,4/22/2026,4/23/2026,فنادق,فندق بيريرا النخيل,الرياض,GOV-2026-0779
المركز الوطني للمناهج,ورشة عمل,مشروع توزيع المقررات الدراسية الجزء الأول,4/22/2026,4/22/2026,فنادق,دبل تري هيلتون,الرياض,GOV-2026-0780
أمانة منطقة الرياض,ورشة عمل,ورشة عمل مبادرة الرياض تتطوع,4/22/2026,4/22/2026,فنادق,فندق باب سمحان,الرياض,GOV-2026-0781
الهيئة الملكية بالجبيل الصناعية,معرض توعوي,حملة الأسبوع الخليجي لصحة الفم والأسنان,4/29/2026,4/30/2026,مراكز تجارية,مجمع غاليريا مول,الجبيل الصناعية,GOV-2026-0782
نادي الصقور السعودي,معرض تعريفي,معرض الصقور والصيد السعودي الدولي,10/2/2026,10/11/2026,مراكز معارض و مؤتمرات,مركز الرياض للمؤمرات والمعارض-ملهم,الرياض,GOV-2026-0784
نادي الصقور السعودي,مزاد,مزاد نادي الصقور السعودي,10/1/2026,11/30/2026,مراكز معارض و مؤتمرات,مركز الرياض للمعارض والمؤتمرات-ملهم,الرياض,GOV-2026-0785
ديوان المظالم,ورشة عمل,تصميم الابتكارات العملية باستخدام الذكاء الاصطناعي من التحدي إلى الفكرة القابلة للاختبار,4/21/2026,4/21/2026,فنادق,فندق فيتوري بالاس,الرياض,GOV-2026-0787
وزارة العدل,ورشة عمل,الصياغة القضائية,4/26/2026,4/28/2026,فنادق,موفنبيك الرياض,الرياض,GOV-2026-0788
الهيئة السعودية لتنظيم الكهرباء,اجتماع,الاجتماع الربعي لقطاع المستهلكين,4/22/2026,4/22/2026,فنادق,فندق فوكو,الرياض,GOV-2026-0790
ديوان المظالم,دورة تدريبية,دراسة مشاريع ومخرجات هاكاثون ذكاء القضاء الأول,4/22/2026,4/23/2026,فنادق,فوكو الخبر,الخبر,GOV-2026-0791
الهيئة السعودية للمياه,دورة تدريبية,برنامج تدريب المدربين TOT,4/26/2026,4/30/2026,فنادق,فندق فوكو (قاعة عسير),الرياض,GOV-2026-0793
ديوان المظالم,ورشة عمل,ورشة عمل للإدارة العامة للتفتيش القضائي,4/26/2026,4/30/2026,فنادق,فوكو بوابة جدة,الرياض,GOV-2026-0794
هيئة السوق المالية,ورشة عمل,الابتكار في السوق المالية,4/23/2026,4/23/2026,فنادق,فندق دبل تري هيلتون الرياض - المروج,الرياض,GOV-2026-0795
وزارة الموارد البشرية والتنمية الاجتماعية,معرض توعوي,انورت ٢,4/30/2026,5/15/2026,صالات المناسبات,قاعة مكة الكبرى حي النسيم,مكة المكرمة,GOV-2026-0796
هيئة الصحة العامة,ورشة عمل,للبرنامج التدريبي FETP  PHEP لمتلازمة الشرق الأوسط التنفسية MERS  CoV والذي يركّز على تعزيز جاهزية الاستجابة في مناطق الحج والعمرة,4/28/2026,4/30/2026,فنادق,فندق الراديسون بلو الكورنيش - جدة,جدة,GOV-2026-0797
هيئة الحكومة الرقمية,دورة تدريبية,إعادة هندسة الإجراءات الحكومية وتطبيقات الذكاء الاصطناعي,5/3/2026,5/4/2026,فنادق,فندق كراون بلازا المدينة الرقمية,الرياض,GOV-2026-0798
سدايا,دورة تدريبية,برنامج تصنيف البيانات,4/22/2026,4/22/2026,فنادق,فوكو,الرياض,GOV-2026-0799
ديوان المظالم,دورة تدريبية,نظام المعاملات المدنية,4/26/2026,4/30/2026,فنادق,فندق فوكو جدة,جدة,GOV-2026-0801
ديوان المظالم,دورة تدريبية,سلطة الدائرة القضائية وحدودها,4/27/2026,4/28/2026,فنادق,فيتوري بالاس,الرياض,GOV-2026-0802
ديوان المظالم,دورة تدريبية,الإشكالات المتعلقة بتنفيذ أحكام دعاوى إلغاء القرارات الإدارية,4/27/2026,4/29/2026,فنادق,فوكو الخبر,الخبر,GOV-2026-0804
الهيئة السعودية للتخصصات الصحية,ورشة عمل,ورشة عمل مهن الصيدلة,5/7/2026,5/7/2026,فنادق,فندق ماريوت السفارات الرياض,الرياض,GOV-2026-0805
مدينة الملك سعود الطبية,معرض توعوي,الأسبوع العالمي للتحصينات,4/24/2026,4/30/2026,مراكز تجارية,مركز صحارى مول,الرياض,GOV-2026-0806
مدينة الملك سعود الطبية,معرض توعوي,اليوم العالمي للهيموفيليا,4/25/2026,4/25/2026,مراكز تجارية,مركز صحاى مول,الرياض,GOV-2026-0808
الاكاديمية المالية,دورة تدريبية,شهادة في عضوية مجلس الإدارة  الوحدة الثالثة مجلس الإدارة الفعّال,4/27/2026,4/28/2026,فنادق,فندق فوكو الرياض,الرياض,GOV-2026-0809
الاكاديمية المالية,دورة تدريبية,برنامج سكرتير مجلس الإدارة المعتمد  الوحدة الثانية أعضاء مجلس الإدارة,5/4/2026,5/7/2026,فنادق,فندق فوكو الرياض,الرياض,GOV-2026-0810
الاكاديمية المالية,دورة تدريبية,شهادة في عضوية مجلس الإدارة  أساسيات الحوكمة المؤسسية,5/11/2026,5/12/2026,فنادق,فندق لو ميريديان الرياض,الرياض,GOV-2026-0811
الاكاديمية المالية,دورة تدريبية,دبلوم في عضوية مجلس الإدارة  الوحدة الأولى قيادة مجلس الإدارة,5/13/2026,5/14/2026,فنادق,فندق فوكو الرياض,الرياض,GOV-2026-0812
الاكاديمية المالية,دورة تدريبية,شهادة في عضوية مجلس الإدارة  الوحدة الرابعة تمويل مجلس الإدارة المحاسبة والتقارير المؤسسية,5/18/2026,5/19/2026,فنادق,فندق لو ميريديان الرياض,الرياض,GOV-2026-0813
الاكاديمية المالية,دورة تدريبية,برنامج سكرتير مجلس الإدارة المعتمد المساهمون وأصحاب المصلحة الآخرون,5/18/2026,5/21/2026,فنادق,فندق فوكو الرياض,الرياض,GOV-2026-0814
هيئة تقويم التعليم والتدريب,ورشة عمل,ورشة عمل الرؤى التطويرية  لعمليات التقويم المدرسي,4/26/2026,4/26/2026,فنادق,موفنبيك  القصيم,بريدة,GOV-2026-0815
مركز دعم اتخاذ القرار,ورشة عمل,تحليل القرار المتعدد و تحليل البدائل وتقييم الخيارات,4/21/2026,4/28/2026,فنادق,فندق الموفينبك,الرياض,GOV-2026-0816
الهيئة السعودية للتخصصات الصحية,ورشة عمل,ورشة عمل متقدمة في المهارات الأساسية للاستعداد لبرنامج الإقامة في البورد السعودي,4/29/2026,4/30/2026,فنادق,"بارك إن باي راديسون، طريق المدينة المنورة",جدة,GOV-2026-0818
الاتحاد السعودي للإعلام الرياضي,ورشة عمل,ورشة عمل صناعة المحتوى الرياضي,4/29/2026,4/30/2026,فنادق,فندق هوليدي ان اند سويتس الخبر,الخبر,GOV-2026-0820
وزارة الموارد البشرية والتنمية الاجتماعية,معرض توعوي,انورت٢,5/16/2026,6/14/2026,صالات المناسبات,قاعة مكة الكبرى النسيم,مكة المكرمة,GOV-2026-0821
وزارة الحرس الوطني,دورة تدريبية,القيادة عالية الآداء,4/26/2026,4/30/2026,فنادق,نارسيس رويال,الرياض,GOV-2026-0823
وزارة الثقافة,ورشة عمل,ورشة عمل للتعريف بنظام الآثار والتراث العمراني لمدراء الجهات الحكومية بمنطقة القصيم,4/28/2026,4/28/2026,فنادق,فندق موفنبيك / بريدة / طريق الملك خالد,بريدة,GOV-2026-0824
نادي الصقور السعودي,معرض تعريفي,مهرجان اللك عبدالعزيز للصقور,11/17/2026,11/30/2026,مراكز معارض و مؤتمرات,مركز الرياض للمعارض والمؤتمرات-ملهم,الرياض,GOV-2026-0825
وازرة الدفاع,منتدى,المنتدى الأول للتاريخ العسكري السعودي,9/22/2026,9/23/2026,غرف اجتماعات مستقله,جامعة الطائف,الطائف,GOV-2026-0826
نادي الصقور السعودي,معرض تعريفي,كأس نادي الصقور السعودي,12/21/2026,12/28/2026,مراكز معارض و مؤتمرات,مركز الظهران للمعارض والمؤتمرات,الخبر,GOV-2026-0827
جامعة طيبة,معرض توعوي,أنفاس صغيره,5/1/2026,5/1/2026,مراكز تجارية,العالية مول,المدينة المنورة,GOV-2026-0829
جامعة الفيصل,معرض توعوي,كن المستجيب الأول Be the first responder,5/7/2026,5/7/2026,مراكز تجارية,حياة مول,الرياض,GOV-2026-0830
سدايا,دورة تدريبية,تصنيف البيانات,4/26/2026,4/26/2026,فنادق,فوكو,الرياض,GOV-2026-0831
وزارة الصحة,ورشة عمل,ورشة عمل وكالة الوزارة للأمداد والشؤون الهندسية,4/29/2026,4/29/2026,فنادق,فوكو,الرياض,GOV-2026-0833
برنامج مستشفى قوى الأمن الرياض,اجتماع,International Nursing day اليوم العالمي للتمريض,5/15/2026,5/15/2026,فنادق,فندق الشيراتون - طريق الملك عبدالله - الرياض,الرياض,GOV-2026-0834
جامعة الملك سعود,ورشة عمل,الحوكمه الأكاديميه والتكامل المؤسسي بين الكليات والعمادات المساندة,5/7/2026,5/7/2026,فنادق,فندق هيلتون العليا,الرياض,GOV-2026-0835
جامعة القصيم,معرض توعوي,حملة الجراحة,4/30/2026,4/30/2026,مراكز تجارية,منتجع نخلا,بريدة,GOV-2026-0836
جامعة القصيم,معرض توعوي,قلبك حياتك احمِ شباب قلبك,5/1/2026,5/1/2026,مراكز تجارية,منتجع نخلا,بريدة,GOV-2026-0837
الهيئة السعودية للمقيمين المعتمدين,دورة تدريبية,دورات تدريبية لمناهج الهيئة السعودية للمقيّمين المعتمدين,4/26/2026,4/30/2026,فنادق,فندق التنفيذيين الفندقية,الرياض,GOV-2026-0838
هيئة الزكاة والضريبة والجمارك,دورة تدريبية,تحليلات البيانات باستخدام الذكاء الاصطناعي,5/3/2026,5/5/2026,فنادق,فوكو,الخبر,GOV-2026-0839
هيئة الزكاة والضريبة والجمارك,دورة تدريبية,مهارات  التحري والكشف على الأحشاء,6/14/2026,6/16/2026,فنادق,فوكو,الخبر,GOV-2026-0840
هيئة الزكاة والضريبة والجمارك,دورة تدريبية,مكافحة التهريب الجمركي,6/17/2026,6/18/2026,فنادق,فوكو,الخبر,GOV-2026-0841
هيئة الزكاة والضريبة والجمارك,دورة تدريبية,الكشف عن المخدرات الشحن الجوي,6/21/2026,6/23/2026,فنادق,فوكو,الخبر,GOV-2026-0842
هيئة الزكاة والضريبة,دورة تدريبية,الأساليب الحديثة لاستهداف المسافرين,6/24/2026,6/25/2026,فنادق,فوكو,الخبر,GOV-2026-0843
جامعة نجران,دورة تدريبية,لغة الجسد في الملاحظات الامنية,4/28/2026,4/30/2026,فنادق,جدة - راديسون بلو السلام,جدة,GOV-2026-0846
جامعة نجران,دورة تدريبية,ادارة المخزون والمستودعات المتكامل,4/28/2026,4/30/2026,فنادق,جدة - راديسون بلو السلام,جدة,GOV-2026-0847
جامعة الأميرة نورة بنت عبدالرحمن,مؤتمر,الملتقى الطلابي تمكين الخامس للبحث والابتكار,5/5/2026,5/6/2026,مراكز معارض و مؤتمرات,مركز المؤتمرات والندوات بجامعة الأميرة نورة بنت عبدالرحمن,الرياض,GOV-2026-0850
الاكاديمية المالية,دورة تدريبية,شهادة في عضوية مجالس الإدارة الوحدة الثالثة المجلس الفعّال,4/27/2026,4/28/2026,فنادق,فندق لو ميريديان,الرياض,GOV-2026-0852
الهيئة العامة للتطوير الدفاعي,منتدى,منتدى جسر,5/18/2026,5/19/2026,فنادق,فيرمونت الرياض,الرياض,GOV-2026-0853
الاتحاد السعودي للريشة الطائرة,ورشة عمل,مناقشة الخطة الاستراتيجية للاتحاد,4/29/2026,4/29/2026,فنادق,فندق دبل تري هيلتون - المركز المالي,الرياض,GOV-2026-0854
الهيئة الملكية لمدينة مكة المكرمة والمشاعر المقدسة,ورشة عمل,ورشة عمل قطاع الاستراتيجية,4/29/2026,4/30/2026,فنادق,رديسون بلو الحمراء,جدة,GOV-2026-0856
جامعة الملك عبدالله للعلوم و التقنية,مؤتمر,اكتشف كاوست,5/17/2026,5/17/2026,مرافق عامة,غرفة جدة التجارية,جدة,GOV-2026-0857
جامعة الملك سعود بن عبدالعزيز للعلوم الصحية,ندوة,الندوة الأولى للغسيل الكلوي للأطباء والتمريض في مستشفى الملك سلمان التخصصي بالطائف,6/19/2026,6/20/2026,فنادق,فندق اريديوم - الطائف,الطائف,GOV-2026-0860
هيئة تطوير محمية الملك عبدالعزيز الملكية,ورشة عمل,القاء الختامي لموسم الطوقي,5/4/2026,5/4/2026,فنادق,فندق هيلتون العليا,الرياض,GOV-2026-0863
وزارة البيئة والمياه والزراعة,ورشة عمل,استراتيجية تعزيز مساهمة القطاع الثالث,4/29/2026,4/29/2026,فنادق,فندق رايدسون بلو,الرياض,GOV-2026-0864
الاكاديمية المالية,دورة تدريبية,التقنيات المالية الناشئة,5/3/2026,5/6/2026,فنادق,فندق موفنبيك الرياض,الرياض,GOV-2026-0866
الاكاديمية المالية,دورة تدريبية,تصميم الرسوم البيانية بالأكسل,5/5/2026,5/7/2026,فنادق,فند موفنبيك الرياض,الرياض,GOV-2026-0867
الاكاديمية المالية,دورة تدريبية,تحليل الأداء المالي واتخاذ القرارات,5/5/2026,5/7/2026,فنادق,فندق موفنبيك الرياض,الرياض,GOV-2026-0868
الاكاديمية المالية,دورة تدريبية,برنامج مهارات العرض والتقديم,5/5/2026,5/7/2026,فنادق,فندق موفنبيك الرياض,الرياض,GOV-2026-0869
الاكاديمية المالية,دورة تدريبية,شهادة ممار س الحوكمة والمخاطر والامتثال بالذكاء الاصطناعي,5/3/2026,5/7/2026,فنادق,فندق موفنبيك الرياض,الرياض,GOV-2026-0870
مركز مشاريع البنية التحتية بمنطقة الرياض,منتدى,منتدى دعم المشاريع والأحداث الكبرى,4/29/2026,4/29/2026,فنادق,فندق الموڤنبيك,الرياض,GOV-2026-0871
صندوق تنمية الموارد البشرية,معرض تعريفي,لقاءات تبوك,5/10/2026,5/13/2026,مراكز معارض و مؤتمرات,مركز واجهة الشمال للمعارض والمؤتمرات,تبوك,GOV-2026-0872
هيئة الزكاة والضريبة والجمارك,دورة تدريبية,روح الزكاة في المحاسبة,5/3/2026,5/5/2026,فنادق,فيتوري بالاس,الرياض,GOV-2026-0873
الهيئة السعودية للمواصفات والمقاييس والجودة,دورة تدريبية,البرنامج التدريبي المقيم الداخلي لجائزة الملك عبدالعزيز للجودة,5/3/2026,5/7/2026,فنادق,فندق فوكو الخبر,الخبر,GOV-2026-0874
جامعة المجمعة,دورة تدريبية,بناء المبادرات التنموية في ضوء أهداف التنمية المستدامة,5/3/2026,5/7/2026,فنادق,فندق مداريم كراون,الرياض,GOV-2026-0876
الاكاديمية المالية,دورة تدريبية,برنامج سكرتير مجلس الإدارة المعتمد الوحدة الثانية أعضاء مجلس الإدارة,5/4/2026,5/7/2026,فنادق,فندق فوكو الرياض,الرياض,GOV-2026-0877
الاكاديمية المالية,دورة تدريبية,شهادة في عضوية مجالس الإدارة  أساسيات حوكمة الشركات,5/11/2026,5/12/2026,فنادق,فندق لو ميريديان,الرياض,GOV-2026-0878
الاكاديمية المالية,دورة تدريبية,دبلوم في عضوية مجالس الإدارة  الوحدة الأولى قيادة مجلس الإدارة,5/13/2026,5/14/2026,فنادق,فندق فوكو الرياض,الرياض,GOV-2026-0879
الاكاديمية المالية,دورة تدريبية,برنامج سكرتير مجلس الإدارة المعتمد المساهمون وأصحاب المصلحة الآخرون,5/18/2026,5/21/2026,فنادق,فندق فوكو الرياض,الرياض,GOV-2026-0881
الاكاديمية المالية,دورة تدريبية,شهادة في عضوية مجالس الإدارة  الوحدة الرابعة المالية والمحاسبة والتقارير المؤسسية للمجلس,5/18/2026,5/19/2026,فنادق,فندق لو ميريديان,الرياض,GOV-2026-0883
ديوان المظالم,دورة تدريبية,الأمن المؤسسي وإدارة المخاطر,5/3/2026,5/4/2026,فنادق,فوكو الخبر,الخبر,GOV-2026-0884
ديوان المظالم,دورة تدريبية,نظام المعاملات المدنية,5/3/2026,5/7/2026,فنادق,فيتوري بالاس,الرياض,GOV-2026-0885
البرنامج الوطني لتطوير قطاع الثروة الحيوانية والسمكية,ورشة عمل,نحو مزارع أكثر انتاجية,5/4/2026,5/5/2026,فنادق,فندق دبل تري من هيلتون المركز المالي,الرياض,GOV-2026-0886
ديوان المظالم,دورة تدريبية,الصياغة المتقدمة للأحكام القضائية,5/4/2026,5/6/2026,فنادق,فوكو الخبر,الخبر,GOV-2026-0887
ديوان المظالم,دورة تدريبية,بناء الحقائب التدريبية,5/4/2026,5/7/2026,فنادق,بريرا أبها,ابها,GOV-2026-0888
الهيئة السعودية للتخصصات الصحية,ورشة عمل,ورشة عمل شاملة في طب أسنان الأطفال لمتدربي برنامج البورد السعودي في طب أسنان الأطفال,6/9/2026,6/9/2026,فنادق,فندق إنتركونتيننتال – طريق الملك سعود – مقابل وزارة الداخلية,الرياض,GOV-2026-0889
ديوان المظالم,دورة تدريبية,السلامة والصحة المهنية,5/5/2026,6/7/2026,فنادق,ورويك الخبر,الخبر,GOV-2026-0890
الأمانة العامة للجنة الوزارية للسلامة المرورية,اجتماع,اجتماع فريق مهمة موسم الحج,5/21/2026,5/25/2026,فنادق,فندق راديسون بلو السلام جدة,جدة,GOV-2026-0892
جامعة نجران,دورة تدريبية,تطوير ثقافة الابتكار وتعزيز بيئات العمل الإبداعية,5/5/2026,5/7/2026,فنادق,الرياض - راديسون بلو العليا,الرياض,GOV-2026-0893
جامعة نجران,دورة تدريبية,مهارات التواصل الفعال في بيئة المشاريع,5/5/2026,5/7/2026,فنادق,الخبر - هيلتون جارد ان,الخبر,GOV-2026-0894
جامعة نجران,دورة تدريبية,الإدارة الابتكارية للاداء الاستثمار الفعال للوقت,5/5/2026,5/7/2026,فنادق,جدة - راديسون بلو السلام,جدة,GOV-2026-0895
جامعة الامام محمد بن سعود الاسلامية,دورة تدريبية,الانظمة واللوائح في نظام الخدمة المدنية,5/3/2026,5/7/2026,فنادق,عابر,الرياض,GOV-2026-0896
جامعة الملك خالد,دورة تدريبية,التخطيط المالي وإعداد الميزانيه,5/3/2026,5/14/2026,فنادق,فندق غاليريا,جدة,GOV-2026-0897
جامعة الامام محمد بن سعود الاسلامية,دورة تدريبية,القيادة المتقدمة وبناء فريق العمل,5/10/2026,5/14/2026,فنادق,عابر,الرياض,GOV-2026-0898
الاتحاد السعودي للرياضات البحرية والغوص,اجتماع,إجتماع فريق الإتحاد السعودي للرياضات البحرية والغوص,5/6/2026,5/6/2026,غرف اجتماعات مستقله,ذا فينيو كورنيش جدة,جدة,GOV-2026-0899
جامعة طيبة,معرض تعريفي,البحث العلمي في الأبحاث التمريضية وتميز الرعاية السريرية,5/10/2026,5/10/2026,مراكز معارض و مؤتمرات,جامعة طيبة,المدينة المنورة,GOV-2026-0900
وزارة الصحة,ورشة عمل,التواصل والإعلام لفروع الوزارة,5/7/2026,5/7/2026,فنادق,فندق فيتوري بالاس - العروبة,الرياض,GOV-2026-0901
المركز السعودي لكفاءة الطاقة,دورة تدريبية,مدير طاقه معتمد,5/3/2026,5/7/2026,فنادق,فندق هيلتون كولكشن جدة,جدة,GOV-2026-0902
أمانة منطقة الرياض,ورشة عمل,الرياض تتطوع,5/11/2026,5/11/2026,فنادق,‏فندق ريتز كارلتون الرياض‏,الرياض,GOV-2026-0903
جامعة الملك خالد,دورة تدريبية,منصة اعتماد,5/10/2026,5/21/2026,فنادق,فندق غاليريا,جدة,GOV-2026-0904
وزارة البيئة والمياه والزراعة,دورة تدريبية,دورة المحترف المعتمد في مؤشرات الأداء,5/3/2026,5/5/2026,فنادق,فندق فيتوري بالاس,الرياض,GOV-2026-0907
وزارة البيئة والمياه والزرعة,دورة تدريبية,الشهادة الدولية العامة في الصحة والسلامة المهنية,5/3/2026,5/7/2026,فنادق,فندق فيتوري بالاس,الرياض,GOV-2026-0908
هيئة تقويم التعليم والتدريب,ورشة عمل,مراجع اعتماد المنشأت التدريبية,5/3/2026,5/7/2026,فنادق,فندق بريرا قرطبة,الرياض,GOV-2026-0909
وزارة الموارد البشرية والتنمية الاجتماعية,معرض توعوي,معرض مبادرة انورت,5/31/2026,6/16/2026,مراكز تجارية,جبل ثور الثقافي بحي الهجرة,مكة المكرمة,GOV-2026-0911
المركز الوطني للرقابة على الالتزام البيئي,ورشة عمل,ورشة خطة إدارة التخلص التدريجي من مركبات الكربون الهيدروكلورو فلورية,5/5/2026,5/7/2026,فنادق,فندق هيلتون الرياض والشقق الفندقية,الرياض,GOV-2026-0912
هيئة الادب والنشر والترجمة,اجتماع,فندق ايدج روتانا,5/10/2026,5/14/2026,مراكز معارض و مؤتمرات,قاعة الرئيسية - فندق ايدج روتانا,الرياض,GOV-2026-0913
هيئة تقويم التعليم والتدريب,ورشة عمل,رخص المعلمين مسائي,5/10/2026,5/11/2026,فنادق,فندق بريرا قرطبة,الرياض,GOV-2026-0916
هيئة تقويم التعليم والتدريب,ورشة عمل,برنامج اخصائي تقويم مدرسي,5/10/2026,5/11/2026,فنادق,فندق بريرا - ابها,ابها,GOV-2026-0918
هيئة تقويم التعليم والتدريب,ورشة عمل,فنيات كتابة الاسئلة جاهزية مهندسين  مسائي,5/6/2026,5/7/2026,فنادق,فندق بريرا قرطبة,الرياض,GOV-2026-0921
هيئة تقويم التعليم والتدريب,ورشة عمل,ورشة فنيات كتابة الاسئلة جاهزية,5/13/2026,5/14/2026,فنادق,فندق بريرا قرطبة,الرياض,GOV-2026-0922
هيئة تقويم التعليم والتدريب,ورشة عمل,ورشة عمل الرؤى التطويرية لعمليات التقويم والتصنيف والاعتماد المدرسي,5/10/2026,5/11/2026,فنادق,فندق دانه المنسك قاعة كريستال,ابها,GOV-2026-0923
مدينة الامير سلطان الطبية العسكرية,معرض توعوي,اسبوع التوعية باضطراب النطق والبلع,5/12/2026,5/14/2026,مراكز تجارية,بانوراما مول,الرياض,GOV-2026-0924
الهيئة السعودية للمقيّمين المعتمدين,دورة تدريبية,دورات مناهج الهيئة السعودية للمقيّمين المعتمدين,5/6/2026,5/21/2026,فنادق,فندق التنفيذيين الفندقية,الرياض,GOV-2026-0925
جامعة الملك فهد للبترول و المعادن,دورة تدريبية,الفولاثون مسابقة الابتكار في العمل التطوعي,5/11/2026,5/11/2026,فنادق,فندق جراند حياة,الخبر,GOV-2026-0926
الهيئة السعودية للمواصفات والمقاييس والجودة,دورة تدريبية,المقيم الداخلي وفق نموذج التميز لجائزة الملك عبدالعزيز للجودة,5/10/2026,5/14/2026,فنادق,دبل ترى المروج,الرياض,GOV-2026-0927
جامعة القصيم,معرض توعوي,اليوم العالمي للتصلب اللويحي,5/14/2026,5/14/2026,مراكز تجارية,منتجع نخلا,بريدة,GOV-2026-0928
جامعة القصيم,معرض توعوي,اليوم العالمي للصحة النفسية للام,5/7/2026,5/7/2026,مراكز تجارية,منتجع نخلا,بريدة,GOV-2026-0930
جامعة القصيم,معرض توعوي,حركتك سر صحتك,5/6/2026,5/6/2026,مراكز تجارية,منتجع سدرة فالي,الرس,GOV-2026-0931
الأكاديمية المالية,مؤتمر,مؤتمر ملتقى الاكاديمية المالية,10/7/2026,10/7/2026,فنادق,هيلتون غرناطه,الرياض,GOV-2026-0932
الجمعية التنموية النسائية بالرس,معرض توعوي,بنون لوعي تربوي لجيل رقمي,9/7/2026,9/9/2026,مرافق عامة,مركز الأمير سلطان الحضاري,الرس,GOV-2026-0933
برنامج استدامة الطلب على البترول,ورشة عمل,اجتماع فريق عمل تطوير تقنية نزع الكبريت من زيت الوقود الثقيل,5/6/2026,5/7/2026,فنادق,فندق موفنبيك الرياض - طريق الدائري الشمالي,الرياض,GOV-2026-0934
برنامج استدامة الطلب على البترول,ورشة عمل,تطوير حلول الكهرباء باستخدام المواد البوليمرية المستدامة,5/6/2026,5/6/2026,فنادق,فندق موفنبيك الرياض,الرياض,GOV-2026-0935
جامعة القصيم,معرض توعوي,حركتك سر صحتك,5/6/2026,5/6/2026,مراكز تجارية,منتجع سدرة فالي,الرس,GOV-2026-0936
مدينة الملك سعود الطبية,معرض توعوي,فحصك اليوم أمانك لغدا,5/14/2026,5/14/2026,مراكز تجارية,مركز حياة مول,الرياض,GOV-2026-0937
هيئة تقويم التعليم والتدريب,ورشة عمل,ورشة عمل  الرؤى التطويرية لعمليات التقويم والتصنيف والاعتماد المدرسي,5/10/2026,5/11/2026,فنادق,فندق بست ويسترن بلس,ابها,GOV-2026-0938
المدينة الطبية الجامعية,معرض توعوي,اليوم العالمي لصحة اللثة,5/15/2026,5/16/2026,مراكز تجارية,الحياة مول,الرياض,GOV-2026-0939
جامعة طيبة,معرض توعوي,حملة اكثر من مجرد انعكاس,5/15/2026,5/15/2026,مراكز تجارية,العالية مول,المدينة المنورة,GOV-2026-0942
معهد الإدارة  العامة,اجتماع,حفل الخريج والوظيفة,6/8/2026,6/8/2026,مراكز معارض و مؤتمرات,الصالات الخضراء,الرياض,GOV-2026-0943
جامعة طيبة,معرض توعوي,تجمل,5/7/2026,5/7/2026,مراكز تجارية,العالية مول,المدينة المنورة,GOV-2026-0944
المركز الوطني لقياس أداء الأجهزة الحكومية,ورشة عمل,ورشة عمل تحديث منهجيات تجربة المستفيد,5/13/2026,5/13/2026,فنادق,هولداي ان الازدهار,الرياض,GOV-2026-0945
جامعة  الملك خالد,دورة تدريبية,الاحتراف المتكامل في تطبيقات  Microsoft Office,5/10/2026,5/14/2026,فنادق,فندق هوليداي ان سويت,الخبر,GOV-2026-0946
جامعة الملك خالد,دورة تدريبية,لغة برمجة الويب التفاعلية Java Script,5/10/2026,5/21/2026,فنادق,فندق هوليداي ان اند سويت,الخبر,GOV-2026-0947
هيئة تقويم التعليم والتدريب,ورشة عمل,برنامج اخصائي التقويم,5/10/2026,5/11/2026,فنادق,فندق بريرا,ابها,GOV-2026-0948
المركز السعودي لكفاءة الطاقة,دورة تدريبية,أخصائي طاقة أعمال معتمد BEP,5/10/2026,5/14/2026,فنادق,فندق كراون بلازا,الرياض,GOV-2026-0949
الاكاديمية السعودية اللوجستية,دورة تدريبية,دورة الصحة والسلامة المهنية,5/10/2026,5/21/2026,فنادق,سوفتيل الخبر,الخبر,GOV-2026-0950
وزارة الثقافة,اجتماع,مبادرات هيئة التراث في فلم مغمور,5/13/2026,5/13/2026,مرافق عامة,جدة التاريخية / ميدان الثقافة,جدة,GOV-2026-0951
تجمع تبوك الصحي,معرض توعوي,شهر التوعية بالسيلياك,5/16/2026,5/16/2026,مرافق عامة,حديقة الشفاء,تيماء,GOV-2026-0952
المركز الوطني للفعاليات,دورة تدريبية,تحليل البيانات,5/17/2026,5/19/2026,فنادق,كافد,الرياض,GOV-2026-0953
برنامج خدمة ضيوف الرحمن,ورشة عمل,لقاء القادة الميدانيين لموسم الحج,5/11/2026,5/11/2026,فنادق,فندق شانغيرلا جدة,جدة,GOV-2026-0954
الهيئة الملكية بالجبيل,دورة تدريبية,تطوير مهارات التحدث باللغة الانجليزية,5/11/2026,5/11/2026,غرف اجتماعات مستقله,النادي الشبابي  - الهيئة الملكية,الجبيل الصناعية,GOV-2026-0955
الهيئة الملكية,دورة تدريبية,اسرتي سعادتي,5/11/2026,5/14/2026,غرف اجتماعات مستقله,النادي الشبابي - الهيئة الملكية,الجبيل الصناعية,GOV-2026-0956
جامعة الملك سعود,ندوة,اقتصاديات المدن الخليجية وتمكين القطاع الخاص نحو مدن ذكية رقمية,5/19/2026,5/19/2026,مراكز معارض و مؤتمرات,مركز الاحساء للمعارض,الأحساء,GOV-2026-0957
المؤسسة العاملة للتامينات الجتماعية,دورة تدريبية,الردود الخدمية الذكية في إدارة التفاعل,5/19/2026,5/21/2026,فنادق,فندق بريرا النخيل,الرياض,GOV-2026-0958
الهيئة الملكية,ورشة عمل,لقاء مجلس الجمعيات الاهلية بالشرقية مع الجمعيات الاهلية,5/12/2026,5/12/2026,غرف اجتماعات مستقله,النادي البحري - الهيئة الملكية,الجبيل الصناعية,GOV-2026-0959
الهيئة الملكية للجبيل وينبع,دورة تدريبية,خمس اساسيات لاجتيار اختبار الستيب,5/12/2026,5/12/2026,غرف اجتماعات مستقله,النادي الشبابي,الجبيل الصناعية,GOV-2026-0960
الهيئة الملكية للجبيل وينبع,ورشة عمل,برنامج تنافسية القطاع الصناعي,5/13/2026,5/13/2026,مراكز معارض و مؤتمرات,مركز الملك فهد الحضاري,ينبع الصناعية,GOV-2026-0961
جامعة القصيم,معرض توعوي,افهم مناعتك أحمِ صحتك,5/13/2026,5/13/2026,مراكز تجارية,منتجع نخلا,بريدة,GOV-2026-0962
الهيئة السعودية للبيانات والذكاء الاصطناعي,ورشة عمل,مدرب لقيادة فريق,5/5/2026,5/5/2026,فنادق,فندق المشرق,الرياض,GOV-2026-0964
هيئة حقوق الإنسان,ندوة,التنوع الثقافي وحقوق الإنسان نحو عالم يتسع للجميع,5/21/2026,5/21/2026,مرافق عامة,النادي الادبي الثقافي بمحافظة جدة,جدة,GOV-2026-0965
البرنامج السعودي لتنمية وإعمار اليمن,اجتماع,الحوار رفيع المستوى حول قطاع الكهرباء في اليمن,5/11/2026,5/12/2026,فنادق,فندق كورت يارد باي ماريوت حي السفارات,الرياض,GOV-2026-0966
جامعة القصيم,معرض توعوي,التوعية بامراض السرطان,5/14/2026,5/14/2026,مراكز تجارية,مركز الملك خالد الحضاري,بريدة,GOV-2026-0968
مدينة الملك سعود الطبية,معرض توعوي,توعية مرضى أمراض الأمعاء الالتهابية,5/19/2026,5/19/2026,مراكز تجارية,بانوراما,الرياض,GOV-2026-0969
الهيئة العامة للطيران المدني,اجتماع,اجتماع اللجنة التوجيهية لبرنامج قطاع الطيران,5/14/2026,5/14/2026,فنادق,فندق الريتز كارلتون,الرياض,GOV-2026-0970
وزاره البلديات والاسكان,ورشة عمل,الشهر الدولي للتوعيه بالمراجعه الداخليه,5/17/2026,5/17/2026,فنادق,فندق نارسيس,الرياض,GOV-2026-0972
إمارة منطقة القصيم,معرض توعوي,نبض التطوعية,5/14/2026,5/20/2026,مرافق عامة,مدينة الحجاج بمدينة بريدة,بريدة,GOV-2026-0973
الهيئة السعودية للمياه,مؤتمر,المؤتمر العالمي لتحلية المياه وإعادة إستخدامها,11/1/2026,11/5/2026,مراكز معارض و مؤتمرات,مركز الملك فيصل للمؤتمرات - الانتركونتيننتال,الرياض,GOV-2026-0974
الهيئة السعودية لتنظيم الكهرباء,ورشة عمل,ورشة عمل اللقاء الربعي للشؤون الاقتصادية,5/14/2026,5/14/2026,فنادق,جي دبليو ماريوت,الرياض,GOV-2026-0975
البرنامج السعودي لتنمية وإعمار اليمن,اجتماع,اجتماع قطاع الصحة في اليمن,5/13/2026,5/13/2026,فنادق,فندق ماريوت الحي الدبلوماسي,الرياض,GOV-2026-0976
الجمعية السعودية الخيرية لمرضى الكبد,معرض توعوي,ضيوف الرحمن,5/16/2026,5/16/2026,مراكز تجارية,متحف وبستان الصافية,المدينة المنورة,GOV-2026-0980
وزارة الاقتصاد والتخطيط,ورشة عمل,نماذج اقتثادية,5/18/2026,5/21/2026,فنادق,فندق هلتون غرناطة,الرياض,GOV-2026-0982
جامعة المجمعة,دورة تدريبية,بناء المبادرات التنموية في ضوء أهداف التنمية المستدامة,5/17/2026,5/21/2026,فنادق,فندق مداريم كراون,الرياض,GOV-2026-0985
الأتحاد السعودي لكرة القدم,ورشة عمل,FIFA ورشة عمل,5/20/2026,5/21/2026,فنادق,فندق جي دبليوماريةت,الرياض,GOV-2026-0988
هيئة تقويم التعليم والتدريب,ورشة عمل,ورشة عمل الرؤى التطويرية لعمليات التقويم والتصنيف والاعتماد,5/17/2026,5/18/2026,فنادق,فندق الموفنبيك,الخبر,GOV-2026-0989
مستشفى أملج العام,معرض تعريفي,اليوم العالمي للتمريض,5/19/2026,5/19/2026,فنادق,فندق ويفز,أملج,GOV-2026-0990
وزارة النقل والخدمات اللوجستية,دورة تدريبية,التفكير التصميمي,6/14/2026,6/16/2026,فنادق,راديسون بلو الكورنيش,جدة,GOV-2026-0991
المركز السعودي لكفاءة الطاقة,دورة تدريبية,كفاءة الطاقة في العمليات الصناعية الصغيرة و المتوسطة EEIP,5/19/2026,5/21/2026,فنادق,فوكو الخبر,الخبر,GOV-2026-0992
مستشفي الملك فيصل التخصصي ومركز الابحاث جدة,ورشة عمل,اهمية التعليم المشترك التداخلي بين المهنيين في مجال الرعاية الصحية,6/10/2026,6/10/2026,فنادق,فندق موفمبيك التحلية,جدة,GOV-2026-0993
الاتحاد السعودي لكرة القدم,ورشة عمل,قرعة دوري الدرجة الثانية و الثالثة,5/20/2026,5/20/2026,فنادق,ماريوت مطار الرياض,الرياض,GOV-2026-0994
الهيئة السعودية لتنظيم الكهرباء,مؤتمر,المؤتمر السنوي للجمعية الإقليمية لمنظمي الطاقة ERRA,2/1/2027,2/3/2027,فنادق,الفورسيزون,الرياض,GOV-2026-0995
الهيئة الملكية بينبع,محاضرة,العودة من الظل,6/9/2026,6/9/2026,مراكز معارض و مؤتمرات,مدينة ينبع الصناعية - مركز الملك فهد الحضاري.,ينبع الصناعية,GOV-2026-0996
سدايا,دورة تدريبية,برنامج تصنيف البيانات,5/19/2026,5/19/2026,فنادق,فوكو الرياض,الرياض,GOV-2026-0997
الاتحاد السعودي لكره القدم,اجتماع,جتماع اداري المنتخب,5/21/2026,5/21/2026,فنادق,فندق ماريوت المطار,الرياض,GOV-2026-0998
الاتحاد السعودي لكرة القدم,مؤتمر,مؤتمر صحفي,5/23/2026,5/23/2026,فنادق,فندق سوفتيل الرياض,الرياض,GOV-2026-0999
مستشفيات القوات المسلحة بمنطقة الطائف,مؤتمر,المؤتمر السنوي لمستجدات طب الاطفال,6/11/2026,6/12/2026,فنادق,فندق الانتركونتيننتال بالطائف,الطائف,GOV-2026-1002
جامعة الملك خالد,دورة تدريبية,القانون الإداري المتقدم,6/14/2026,6/25/2026,فنادق,فندق غاليريا,جدة,GOV-2026-1003
جامعة الملك خالد,دورة تدريبية,صيانة الرافعات الشوكية والكهربائية,6/14/2026,6/18/2026,فنادق,فندق عابر,الرياض,GOV-2026-1004
جامعة الملك خالد,دورة تدريبية,أساسيات البرمجة  وبناء الحلول الرقمية,6/14/2026,6/25/2026,فنادق,فندق الماريوت,الخبر,GOV-2026-1005
وزاره البلديات والاسكان,ورشة عمل,وعي واستدامه,6/17/2026,6/19/2026,فنادق,فندق نارسيس العليا,الرياض,GOV-2026-1006
الاكاديمية السعودية اللوجستية,اجتماع,اجتماع خريجي الأكاديمية السعودية اللوجستية,6/9/2026,6/9/2026,فنادق,هيلتون الرياض,الرياض,GOV-2026-1009
الاكاديمية المالية,دورة تدريبية,الوحدة الثانية لبرنامج عضو مجلس الإدارة المعتمد  عضو مجلس الإدارة الفعّال,6/8/2026,6/9/2026,فنادق,فندق لو ميريديان الرياض,الرياض,GOV-2026-1010
الاكاديمية المالية,دورة تدريبية,برنامج عضو مجلس الإدارة المعتمد  الوحدة الثالثة مجلس الإدارة الفعّال,6/21/2026,6/22/2026,فنادق,فندق لو ميريديان الرياض,الرياض,GOV-2026-1011
الاكاديمية المالية,دورة تدريبية,CBD برنامج عضو مجلس الإدارة المعتمد  الوحدة الرابعة المالية والمحاسبة والتقارير المؤسسية,6/23/2026,6/24/2026,فنادق,فندق لو ميريديان الرياض,الرياض,GOV-2026-1012
الاكاديمية المالية,دورة تدريبية,CBSP  برنامج أمين مجلس الإدارة المعتمد  الوحدة الرابعة الاستراتيجية وإدارة المخاطر,7/12/2026,7/16/2026,فنادق,فندق فوكو الرياض,الرياض,GOV-2026-1013
بنك التصدير والاستيراد السعودي,ورشة عمل,Ai Workshop,6/8/2026,6/8/2026,فنادق,فيرمونت الرياض,الرياض,GOV-2026-1014
الهيئة السعودية لتنظيم الكهرباء,ورشة عمل,إعداد كراسات الشروط والمواصفات ومعايير التقديم,6/9/2026,6/11/2026,فنادق,نارسس التحلية,الرياض,GOV-2026-1015
الهيئة السعودية لتنظيم الكهرباء,ورشة عمل,المفاهيم الأساسية حول أنظمة الطاقة الكهربائية,6/15/2026,6/17/2026,فنادق,نارسس ذا رويال,الرياض,GOV-2026-1016
معهد الطاقة,دورة تدريبية,برنامج إدارة التحول في قطاع الطاقة المشتركة,6/14/2026,6/18/2026,فنادق,فندق الموفنبيك,الرياض,GOV-2026-1017
المركز الوطني للتخصيص,مؤتمر,المؤتمر الدولي للتخصيص,10/5/2026,10/12/2026,مراكز معارض و مؤتمرات,مركز الملك عبدالعزيز للمؤتمرات,الرياض,GOV-2026-1018
المركز الوطني لتنمية الغطاء النباتي ومكافحة التصحر,منتدى,اليوم العالمي لمكافحة التصحر والجفاف,6/15/2026,6/17/2026,مراكز معارض و مؤتمرات,مركز الجوف الحضاري,الجوف,GOV-2026-1019
وزاوة الموارد البشرية والتنمية الاجتماعية,معرض تعريفي,معرض تمكين,6/14/2026,6/16/2026,مراكز معارض و مؤتمرات,مركز الرياض الدولي للمعارض والمؤتمرات,الرياض,GOV-2026-1021
فرع وزارة الموارد البشرية والتنمية الاجتماعية بمنطقة مكة المكرمة,مؤتمر,المسؤولية الاجتماعية للشركات محور الاهتمام وجوهر القيادة,6/17/2026,6/17/2026,فنادق,فندق الرتزكارلتون,مكة المكرمة,GOV-2026-1023
الهيئة العامة للترفيه,دورة تدريبية,برامج تدريبية جماعية برامج متعددة في تواريخ مختلفة,6/14/2026,8/3/2026,فنادق,فندق فيرمونت رملة,الرياض,GOV-2026-1025
الهيئة السعودية للبيانات والذكاء الاصطناعي,ورشة عمل,مناقشة استراتيجية قطاع الخدمات المشتركة,6/15/2026,6/15/2026,فنادق,الرياض- المشرق,الرياض,GOV-2026-1026
الهيئة الملكية لمدينة مكة المكرمة والمشاعر المقدسة,اجتماع,استطلاع مرئيات مقدمي خدمة الرعاية الصحية مستشفى الطوارئ بالمنطقة المركزية,6/16/2026,6/16/2026,فنادق,فندق كراون بلازة,الرياض,GOV-2026-1027
وزارة النقل والخدمات اللوجستية,دورة تدريبية,تحليل البيانات باستخدام الذكاء الاصطناعي,6/28/2026,6/30/2026,فنادق,فندق روتانا سنترو,الرياض,GOV-2026-1031
وزارة البيئة والمياه والزراعة,معرض تعريفي,المعرض التعريفي السنوي للمانجو,7/1/2026,7/4/2026,مرافق عامة,منتزة الدقم بمحافظة أملج,أملج,GOV-2026-1032
وزارة الصحة,ورشة عمل,ورشة عمل إنقاذ حياة,6/24/2026,6/24/2026,فنادق,فندق كراون بلازا المدينة الرقمية,الرياض,GOV-2026-1033
هيئة تقويم التعليم والتدريب,دورة تدريبية,برنامج تأهيل المراجعيين,6/21/2026,6/25/2026,فنادق,فندق بريرا قرطبة,الرياض,GOV-2026-1035
هيئة تقويم التعليم والتدريب,ورشة عمل,الرؤى التطويرية لعمليات التقويم والتصنيف ولاعتماد المدرسي,6/23/2026,6/23/2026,فنادق,فندق فوكو الرياض,الرياض,GOV-2026-1036
الهيئة السعودية للمواصفات والمقاييس والجودة,دورة تدريبية,المقيم الداخلي وفق نموذج التميز لجائزة الملك عبدالعزيز للجودة,6/21/2026,6/25/2026,فنادق,فندق الموفنبيك سيتي ستار,جدة,GOV-2026-1037
جامعة المجمعة,دورة تدريبية,اساسيات الذكاء الاصطناعي,6/24/2026,6/25/2026,فنادق,فندق هوليدي إن- الازدهار,الرياض,GOV-2026-1040
وزارة المالية,دورة تدريبية,الرقابة الذاتية,6/21/2026,6/25/2026,فنادق,هيليتون,الرياض,GOV-2026-1041
الهيئة الملكية لمدينة مكة الكرمة,ورشة عمل,توقيع اتفاقيات الترسية لبرنامج الأحياء المطورة,6/24/2026,6/24/2026,فنادق,فيرمونت الرياض قاعة مراسم,الرياض,GOV-2026-1042
برنامج خدمة ضيوف الرحمن,ورشة عمل,ورشة عمل تحديات خدمة مسافر بلا حقيبة,6/23/2026,6/23/2026,فنادق,فندق الدار البيضاء مدينة جدة,مكة المكرمة,GOV-2026-1043
المعهد الملكي للفنون التقليدية,معرض تعريفي,صيف ورث الرياض,7/16/2026,7/18/2026,مراكز تجارية,رياض بارك,الرياض,GOV-2026-1044
"المعهد الملكي للفنون التقليدية، ورث",معرض تعريفي,صيف ورث حائل,7/23/2026,7/25/2026,مرافق عامة,بيت الثقافة,حائل,GOV-2026-1045
"المعهد الملكي للفنون التقليدية، ورث",معرض تعريفي,صيف ورث أبها,7/30/2026,8/1/2026,مراكز تجارية,الراشد مول,ابها,GOV-2026-1046
جامعة الملك عبدالله للعلوم و التقنية,اجتماع,اجتماع عمل حول المغنيسيوم المستخلص من المحلول الملحي,7/1/2026,7/1/2026,فنادق,فيرمونت رياض,الرياض,GOV-2026-1048
جامعة القصيم,معرض توعوي,التوعية بامراض الكلى المزمنه,6/24/2026,6/26/2026,مراكز تجارية,منتجع نخلا,بريدة,GOV-2026-1049
وزارة الثقافة,ورشة عمل,مخرجات التعليم في بيت العود السعودي بهيئة الموسيقى,7/6/2026,7/7/2026,مرافق عامة,النادي الأدبي بالرياض/ حي الملز / شارع عبد الله الهمذاني,الرياض,GOV-2026-1050
وزارة الثقافة,ورشة عمل,مخرجات التعليم في بيت العود السعودي بهيئة الموسيقى,7/6/2026,7/7/2026,مرافق عامة,النادي الأدبي بالرياض/ حي الملز / شارع عبد الله الهمذاني,الرياض,GOV-2026-1050
هيئة تقويم التعليم والتدريب,دورة تدريبية,برنامج تدريبي لاخصائي التقويم المدرسي,6/28/2026,6/29/2026,فنادق,فندق بريرا قرطبة,الرياض,GOV-2026-1051
هيئة تقويم التعليم والتدريب,دورة تدريبية,البرنامج التدريبي لاخصائي التقويم المدرسي,7/5/2026,7/6/2026,فنادق,فندق بريرا قرطبة,الرياض,GOV-2026-1052
الهيئة العامة للاحصاء,منتدى,المنتدى السعودي للاحصاء الثاني,11/9/2026,11/9/2026,فنادق,فندق سوفيتل,الرياض,GOV-2026-1053
الهيئة العامة للاحصاء,منتدى,المنتدى العالمي للبيانات السادس,11/10/2026,11/12/2026,فنادق,فندق سوفتيل,الرياض,GOV-2026-1054
معهد الاستشارات وحلول الاعمال جامعة الامير سطام بن عبدالعزيز,ورشة عمل,ورشة عمل للقيادات التنفيذية,7/5/2026,7/5/2026,فنادق,فندق هوليداي ان حي الاعمال للايواء,الرياض,GOV-2026-1056
الشؤون الصحية بالحرس الوطني,مؤتمر,الأسبوع السعودي للأمراض المعدية,11/6/2026,11/10/2026,مراكز معارض و مؤتمرات,فندق كراون بلازا ار دي سي,الرياض,GOV-2026-1058
هيئة الحكومة الرقمية,دورة تدريبية,تحسين الظهور على محركات البحث للمواقع الإلكترونية,7/27/2026,7/29/2026,فنادق,فندق لو مريديان,الرياض,GOV-2026-1059
هيئة الحكومة الرقمية,ورشة عمل,برنامج الذكاء الاصطناعي التوليدي للتنفيذيين,7/13/2026,7/13/2026,فنادق,حياة ريجنسي,الرياض,GOV-2026-1061
هيئة المسرح والفنون الادائية,اجتماع,اجتماع كرسي ابراهيم القاضي البحثي,7/21/2026,7/23/2026,غرف اجتماعات مستقله,مركز صالح بن صالح الاجتماعي,عنيزة,GOV-2026-1062
الهيئة السعودية للبيانات والذكاء الاصطناعي  سدايا,منتدى,منتدى اليونسكو العالمي الرابع لأخلاقيات الذكاء الاصطناعي,9/14/2026,9/17/2026,فنادق,فندق الريتز كارلتون,الرياض,GOV-2026-1064
الاكاديمية السعودية اللوجستية,دورة تدريبية,قيادة سلاسل الإمداد والتموين,7/12/2026,7/16/2026,فنادق,فندق راديسون,الرياض,GOV-2026-1065
وزارة الثقافة,اجتماع,مبادرة الشريك الأدبي,7/24/2026,7/24/2026,مرافق عامة,مركز الملك فهد الثقافي _ حي الرفيعه _طريق الامير فيصل بن فهد,الرياض,GOV-2026-1069
وزارة النقل والخدمات اللوجستية,دورة تدريبية,القيادة الفعالة قيادة الذات والأفراد والمنظمات,7/14/2026,7/16/2026,فنادق,فندق روتانا سنترو الواحة,الرياض,GOV-2026-1070
وزارة النقل والخدمات اللوجستية,دورة تدريبية,قيادة التغيير,8/9/2026,8/11/2026,فنادق,روتانا سنترو الواحة,الرياض,GOV-2026-1071
الاتحاد السعودي للهجن,منتدى,منتدى الطائف حول الهجن في التراث والإعلام,9/5/2026,9/6/2026,فنادق,فندق أريديوم الطائف,الطائف,GOV-2026-1073
الاكاديمية السعودية اللوجستية,دورة تدريبية,إدارة التكلفة,7/26/2026,7/30/2026,فنادق,فندق راديسون,الرياض,GOV-2026-1074
